f,f,f,f,f,f,f,f,f,f,f,f,l,f,n,f,f,t,f,f,f,f,f,f,f,t,f,f,f,f,f,f,f,t,t,n,won
f,f,f,f,t,f,f,f,f,f,f,f,l,f,n,f,f,t,f,f,f,f,f,f,f,t,f,f,f,f,f,f,f,t,t,n,won
f,f,f,f,t,f,t,f,f,f,f,f,l,f,n,f,f,t,f,f,f,f,f,f,f,t,f,f,f,f,f,f,f,t,t,n,won
f,f,f,f,f,f,f,f,t,f,f,f,l,f,n,f,f,t,f,f,f,t,f,f,f,t,f,f,f,f,f,f,f,t,t,n,won
f,f,f,f,f,f,f,f,f,f,f,f,l,f,n,f,f,t,f,f,f,f,f,t,f,t,f,f,f,f,f,f,f,t,t,n,won
f,f,f,f,f,f,f,f,f,f,f,f,l,f,n,f,f,t,f,f,f,f,f,t,f,t,f,f,f,t,f,f,f,t,t,n,won
f,f,f,f,f,f,f,f,t,f,f,f,l,f,n,f,f,t,f,f,f,t,f,t,f,t,f,f,f,f,f,f,f,t,t,n,won
f,f,f,f,t,f,f,f,f,f,t,f,l,f,n,f,f,t,f,f,f,f,f,f,f,t,f,f,f,f,f,f,f,t,t,n,won
f,f,f,f,f,f,f,f,f,f,t,f,l,f,n,f,f,t,f,f,f,f,f,f,f,t,f,f,f,f,t,f,f,t,t,n,won
f,f,f,f,f,f,t,f,f,f,t,f,l,f,n,f,f,t,f,f,f,f,f,f,f,t,f,f,f,f,f,f,f,t,t,n,won
f,f,f,f,t,f,t,f,f,f,t,f,l,f,n,f,f,t,f,f,f,f,f,f,f,t,f,f,f,f,f,f,f,t,t,n,won
f,f,f,f,f,f,f,f,t,f,t,f,l,f,n,f,f,t,f,f,f,t,f,f,f,t,f,f,f,f,f,f,f,t,t,n,won
f,f,f,f,f,f,f,f,t,f,t,f,l,f,n,f,f,t,f,f,f,t,f,f,f,t,f,f,f,f,t,f,f,t,t,n,won
f,f,f,f,f,f,f,f,t,f,t,f,l,f,n,f,f,t,f,t,f,t,f,f,f,t,f,f,f,f,t,f,f,t,t,n,won
f,f,f,f,t,f,f,f,t,f,t,f,l,f,n,f,f,t,f,f,f,t,f,f,f,t,f,f,f,f,t,f,f,t,t,n,won
f,f,f,f,t,f,f,f,f,f,t,f,l,f,n,f,f,t,f,f,f,f,f,t,f,t,f,f,f,f,f,f,f,t,t,n,won
f,f,f,f,f,f,f,f,f,f,t,f,l,f,n,f,f,t,f,f,f,f,f,t,f,t,f,f,f,f,t,f,f,t,t,n,won
f,f,f,f,t,f,t,f,f,f,t,f,l,f,n,f,f,t,f,f,f,f,f,t,f,t,f,f,f,f,f,f,f,t,t,n,won
f,f,f,f,f,f,f,f,t,f,t,f,l,f,n,f,f,t,f,f,f,t,f,t,f,t,f,f,f,f,f,f,f,t,t,n,won
f,f,f,f,f,f,f,f,t,f,t,f,l,f,n,f,f,t,f,f,f,t,f,t,f,t,f,f,f,f,t,f,f,t,t,n,won
f,f,f,f,f,f,f,f,t,f,t,f,l,f,n,f,f,t,f,t,f,t,f,t,f,t,f,f,f,f,t,f,f,t,t,n,won
f,f,f,f,t,f,f,f,t,f,t,f,l,f,n,f,f,t,f,f,f,t,f,t,f,t,f,f,f,f,t,f,f,t,t,n,won
f,f,f,f,f,f,f,f,f,f,t,f,l,f,w,f,f,t,f,f,f,f,f,f,f,t,f,f,f,f,f,f,f,t,t,n,won
f,f,f,f,f,f,f,f,f,f,t,f,l,f,w,f,f,t,f,f,f,f,f,f,f,t,f,f,f,f,t,f,f,t,t,n,won
f,f,f,f,f,f,f,f,f,f,t,f,l,f,w,f,f,t,f,t,f,f,f,f,f,t,f,f,f,f,t,f,f,t,t,n,won
f,f,f,f,f,f,t,f,f,f,t,f,l,f,w,f,f,t,f,f,f,f,f,f,f,t,f,f,f,f,f,f,f,t,t,n,won
f,f,f,f,t,f,t,f,f,f,t,f,l,f,w,f,f,t,f,f,f,f,f,f,f,t,f,f,f,f,f,f,f,t,t,n,won
f,f,f,f,f,f,f,f,t,f,t,f,l,f,w,f,f,t,f,f,f,t,f,f,f,t,f,f,f,f,f,f,f,t,t,n,won
f,f,f,f,f,f,f,f,f,f,t,f,l,f,w,f,f,t,f,f,f,f,f,t,f,t,f,f,f,f,f,f,f,t,t,n,won
f,f,f,f,f,f,f,f,f,f,t,f,l,f,w,f,f,t,f,f,f,f,f,t,f,t,f,f,f,f,t,f,f,t,t,n,won
f,f,f,f,f,f,f,f,f,f,t,f,l,f,w,f,f,t,f,t,f,f,f,t,f,t,f,f,f,f,t,f,f,t,t,n,won
f,f,f,f,f,f,f,f,t,f,t,f,l,f,w,f,f,t,f,f,f,t,f,t,f,t,f,f,f,f,f,f,f,t,t,n,won
f,f,f,f,f,f,f,f,f,f,t,f,l,f,w,f,f,t,f,f,f,f,f,f,f,t,f,f,f,f,f,f,f,t,f,n,won
f,f,f,f,f,f,f,f,f,f,t,f,l,f,w,f,f,t,f,f,f,f,f,f,f,t,f,f,f,f,t,f,f,t,f,n,won
f,f,f,f,f,f,t,f,f,f,t,f,l,f,w,f,f,t,f,f,f,f,f,f,f,t,f,f,f,f,f,f,f,t,f,n,won
f,f,f,f,t,f,t,f,f,f,t,f,l,f,w,f,f,t,f,f,f,f,f,f,f,t,f,f,f,f,f,f,f,t,f,n,won
f,f,f,f,t,f,t,f,f,f,t,f,l,f,w,f,f,t,f,t,f,f,f,f,f,t,f,f,f,f,f,f,f,t,f,n,won
f,f,f,f,f,f,f,f,t,f,t,f,l,f,w,f,f,t,f,f,f,t,f,f,f,t,f,f,f,f,f,f,f,t,f,n,won
f,f,f,f,f,f,f,f,f,f,t,f,l,f,w,f,f,t,f,f,f,f,f,t,f,t,f,f,f,f,t,f,f,t,f,n,won
f,f,f,f,f,f,f,f,t,f,t,f,l,f,w,f,f,t,f,f,f,t,f,t,f,t,f,f,f,f,f,f,f,t,f,n,won
t,f,f,f,f,f,f,f,f,f,t,f,l,f,n,f,f,t,f,f,f,f,f,f,f,t,f,f,f,f,t,f,f,t,t,n,won
t,f,f,f,f,f,f,f,f,f,t,f,l,f,n,f,f,t,f,f,f,f,f,t,f,t,f,f,f,f,f,f,f,t,t,n,won
t,f,f,f,f,f,f,f,f,f,t,f,l,f,n,f,f,t,f,f,f,f,f,t,f,t,f,f,f,f,t,f,f,t,t,n,won
t,f,f,f,f,f,f,f,f,f,t,f,l,f,n,f,f,t,f,f,f,f,f,t,f,t,f,f,f,t,f,f,f,t,t,n,won
t,f,f,f,t,f,t,f,f,f,t,f,l,f,n,f,f,t,f,t,f,f,f,t,f,t,f,f,f,f,f,f,f,t,t,n,won
t,f,f,f,f,f,f,f,f,f,t,f,l,f,n,f,f,t,f,f,f,f,f,f,f,t,f,f,f,f,t,f,f,t,f,n,won
t,f,f,f,f,f,f,f,f,f,t,f,l,f,n,f,f,t,f,f,f,f,f,t,f,t,f,f,f,f,f,f,f,t,f,n,won
t,f,f,f,f,f,f,f,f,f,t,f,l,f,n,f,f,t,f,t,f,f,f,t,f,t,f,f,f,f,f,f,f,t,f,n,won
t,f,f,f,f,f,f,f,f,f,t,f,l,f,n,f,f,t,f,f,f,f,f,t,f,t,f,f,f,f,t,f,f,t,f,n,won
t,f,f,f,f,f,f,f,f,f,t,f,l,f,b,f,f,t,f,f,f,f,f,f,f,t,f,f,f,f,f,f,f,t,t,n,won
t,f,f,f,f,f,f,f,f,f,t,f,l,f,w,f,f,t,f,f,f,f,f,f,f,t,f,f,f,f,t,f,f,t,t,n,won
t,f,f,f,f,f,t,f,f,f,t,f,l,f,b,f,f,t,f,f,f,f,f,f,f,t,f,f,f,f,f,f,f,t,t,n,won
t,f,f,f,f,f,f,f,f,f,t,f,l,f,w,f,f,t,f,f,f,f,f,t,f,t,f,f,f,f,f,f,f,t,t,n,won
t,f,f,f,f,f,f,f,f,f,t,f,l,f,w,f,f,t,f,f,f,f,f,t,f,t,f,f,f,f,t,f,f,t,t,n,won
t,f,f,f,f,f,t,f,f,f,t,f,l,f,w,f,f,t,f,f,f,f,f,t,f,t,f,f,f,f,f,f,f,t,t,n,won
t,f,f,f,f,f,f,f,f,f,t,f,l,f,b,f,f,t,f,f,f,f,f,f,f,t,f,f,f,f,f,f,f,t,f,n,won
t,f,f,f,f,f,f,f,f,f,t,f,l,f,w,f,f,t,f,f,f,f,f,t,f,t,f,f,f,f,f,f,f,t,f,n,won
t,f,f,f,f,f,f,f,f,f,t,f,l,f,b,f,f,t,f,f,f,f,f,t,f,t,f,f,f,f,f,f,f,t,f,n,won
f,f,f,f,f,f,f,f,f,f,f,f,l,f,n,f,f,f,f,f,f,f,f,f,f,t,f,f,f,f,f,f,f,t,t,n,won
f,f,f,f,f,f,f,f,f,f,f,f,l,f,n,f,f,f,f,f,f,f,f,f,f,t,f,f,f,f,f,f,f,f,t,n,won
f,f,f,f,t,f,f,f,f,f,f,f,l,f,n,f,f,f,f,f,f,f,f,f,f,t,f,f,f,f,f,f,f,t,t,n,won
f,f,f,f,t,f,t,f,f,f,f,f,l,f,n,f,f,f,f,f,f,f,f,f,f,t,f,f,f,f,f,f,f,t,t,n,won
f,f,f,f,t,f,t,f,f,f,f,f,l,f,n,f,f,f,f,f,f,f,f,f,f,t,f,f,f,f,f,f,f,f,t,n,won
f,f,f,f,f,f,f,f,f,f,f,f,l,f,n,f,f,f,f,f,f,f,f,t,f,t,f,f,f,f,f,f,f,t,t,n,won
f,f,f,f,f,f,f,f,f,f,f,f,l,f,n,f,f,f,f,f,f,f,f,t,f,t,f,f,f,f,f,f,f,f,t,n,won
f,f,f,f,t,f,f,f,f,f,f,f,l,f,n,f,f,f,f,f,f,f,f,t,f,t,f,f,f,f,f,f,f,t,t,n,won
f,f,f,f,f,f,f,f,f,f,f,f,l,f,n,f,f,f,f,f,f,f,f,t,f,t,f,f,f,t,f,f,f,f,t,n,won
f,f,f,f,t,f,t,f,f,f,f,f,l,f,n,f,f,f,f,f,f,f,f,t,f,t,f,f,f,f,f,f,f,t,t,n,won
f,f,f,f,t,f,t,f,f,f,f,f,l,f,n,f,f,f,f,f,f,f,f,t,f,t,f,f,f,f,f,f,f,f,t,n,won
f,f,f,f,f,f,f,f,f,f,f,f,l,f,n,f,f,f,f,f,f,f,f,t,f,t,f,f,f,f,f,f,t,f,t,n,won
f,f,f,f,f,f,f,f,f,f,t,f,l,f,n,f,f,f,f,f,f,f,f,f,f,t,f,f,f,f,f,f,f,f,t,n,won
f,f,f,f,f,f,f,f,f,f,t,f,l,f,n,f,f,f,f,f,f,f,f,f,f,t,f,f,f,f,t,f,f,f,t,n,won
f,f,f,f,t,f,f,f,f,f,t,f,l,f,n,f,f,f,f,f,f,f,f,f,f,t,f,f,f,f,t,f,f,f,t,n,won
f,f,f,t,t,f,f,f,f,f,t,f,l,f,n,f,f,f,f,f,f,f,f,f,f,t,f,f,f,f,t,f,f,f,t,n,won
f,f,f,f,t,f,t,f,f,f,t,f,l,f,n,f,f,f,f,f,f,f,f,f,f,t,f,f,f,f,f,f,f,f,t,n,won
f,f,f,f,f,f,f,f,f,f,t,f,l,f,n,f,f,f,f,f,f,f,f,t,f,t,f,f,f,f,f,f,f,f,t,n,won
f,f,f,f,t,f,f,f,f,f,t,f,l,f,n,f,f,f,f,f,f,f,f,t,f,t,f,f,f,f,f,f,f,f,t,n,won
f,f,f,f,f,f,f,f,f,f,t,f,l,f,n,f,f,f,f,f,f,f,f,t,f,t,f,f,f,f,t,f,f,f,t,n,won
f,f,f,f,t,f,t,f,f,f,t,f,l,f,n,f,f,f,f,f,f,f,f,t,f,t,f,f,f,f,f,f,f,f,t,n,won
f,f,f,f,f,f,f,f,f,f,t,f,l,f,n,f,f,f,f,f,f,f,f,f,f,t,f,f,f,f,t,f,f,f,f,n,won
f,f,f,f,f,f,f,f,f,f,t,f,l,f,n,f,f,f,f,f,f,f,f,f,f,t,f,f,f,f,t,f,t,f,f,n,won
f,f,f,f,f,f,f,f,f,f,t,f,l,f,n,f,f,f,f,f,f,f,f,t,f,t,f,f,f,f,t,f,f,f,f,n,won
f,f,f,f,f,f,f,f,f,f,t,f,l,f,n,f,f,f,f,f,f,f,f,t,f,t,f,f,f,f,t,f,t,f,f,n,won
f,f,f,f,f,f,f,f,f,f,t,f,l,f,w,f,f,f,f,f,f,f,f,f,f,t,f,f,f,f,f,f,f,t,t,n,won
f,f,f,f,f,f,f,f,f,f,t,f,l,f,w,f,f,f,f,f,f,f,f,f,f,t,f,f,f,f,t,f,f,f,t,n,won
f,f,f,f,f,f,f,f,f,f,t,f,l,f,w,f,f,f,f,t,f,f,f,f,f,t,f,f,f,f,t,f,f,t,t,n,won
f,f,f,f,t,f,t,f,f,f,t,f,l,f,w,f,f,f,f,f,f,f,f,f,f,t,f,f,f,f,f,f,f,t,t,n,won
f,f,f,f,t,f,t,f,f,f,t,f,l,f,w,f,f,f,f,f,f,f,f,f,f,t,f,f,f,f,f,f,f,f,t,n,won
f,f,f,f,f,f,f,f,f,f,t,f,l,f,w,f,f,f,f,f,f,f,f,t,f,t,f,f,f,f,f,f,f,t,t,n,won
f,f,f,f,f,f,f,f,f,f,t,f,l,f,w,f,f,f,f,f,f,f,f,t,f,t,f,f,f,f,t,f,f,f,t,n,won
f,f,f,f,t,f,t,f,f,f,t,f,l,f,w,f,f,f,f,f,f,f,f,t,f,t,f,f,f,f,f,f,f,f,t,n,won
f,f,f,f,f,f,f,f,t,f,t,f,l,f,w,f,f,f,f,f,f,t,f,t,f,t,f,f,f,f,f,f,f,t,t,n,won
f,f,f,f,f,f,t,f,t,f,t,f,l,f,w,f,f,f,f,f,f,t,f,t,f,t,f,f,f,f,f,f,f,t,t,n,won
f,f,f,f,f,f,f,f,f,f,t,f,l,f,w,f,f,f,f,f,f,f,f,f,f,t,f,f,f,f,f,f,f,t,f,n,won
f,f,f,f,f,f,f,f,f,f,t,f,l,f,w,f,f,f,f,f,f,f,f,f,f,t,f,f,f,f,t,f,f,f,f,n,won
f,f,f,f,f,f,t,f,f,f,t,f,l,f,w,f,f,f,f,f,f,f,f,f,f,t,f,f,f,f,f,f,f,t,f,n,won
f,f,f,f,t,f,t,f,f,f,t,f,l,f,w,f,f,f,f,f,f,f,f,f,f,t,f,f,f,f,f,f,f,f,f,n,won
f,f,f,f,f,f,f,f,t,f,t,f,l,f,w,f,f,f,f,f,f,t,f,f,f,t,f,f,f,f,f,f,f,t,f,n,won
f,f,f,f,f,f,f,f,f,f,t,f,l,f,w,f,f,f,f,f,f,f,f,t,f,t,f,f,f,f,f,f,f,t,f,n,won
f,f,f,f,t,f,t,t,t,f,f,f,l,f,n,f,f,t,f,f,f,f,f,f,f,t,f,f,f,f,f,f,f,t,t,n,won
f,f,f,f,t,f,t,t,t,f,f,f,l,f,n,f,f,t,f,f,f,t,f,f,f,t,f,f,f,f,f,f,f,t,t,n,won
f,f,f,f,f,f,t,t,t,f,t,f,l,f,n,f,f,t,f,f,f,f,f,f,f,t,f,f,f,f,f,f,f,t,t,n,won
f,f,f,f,t,f,t,t,t,f,t,f,l,f,n,f,f,t,f,f,f,f,f,f,f,t,f,f,f,f,f,f,f,t,t,n,won
f,f,f,f,f,f,t,t,t,f,t,f,l,f,n,f,f,t,f,f,f,t,f,f,f,t,f,f,f,f,f,f,f,t,t,n,won
f,f,f,f,t,f,t,t,t,f,t,f,l,f,n,f,f,t,f,f,f,f,f,t,f,t,f,f,f,f,f,f,f,t,t,n,won
f,f,f,f,f,f,t,t,t,f,t,f,l,f,w,f,f,t,f,f,f,f,f,f,f,t,f,f,f,f,f,f,f,t,t,n,won
f,f,f,f,f,f,t,t,t,f,t,f,l,f,w,f,f,t,f,t,f,f,f,f,f,t,f,f,f,f,f,f,f,t,t,n,won
f,f,f,f,t,f,t,t,t,f,t,f,l,f,w,f,f,t,f,f,f,f,f,f,f,t,f,f,f,f,f,f,f,t,t,n,won
f,f,f,f,f,f,t,t,t,f,t,f,l,f,w,f,f,t,f,f,f,t,f,f,f,t,f,f,f,f,f,f,f,t,t,n,won
f,f,f,f,f,f,t,t,t,f,t,f,l,f,w,f,f,t,f,f,f,f,f,f,f,t,f,f,f,f,f,f,f,t,f,n,won
f,f,f,f,t,f,t,t,t,f,f,f,l,f,n,f,f,f,f,f,f,f,f,t,f,t,f,f,f,f,f,f,f,t,t,n,won
f,f,f,f,t,f,t,t,t,f,f,f,l,f,n,f,f,f,f,f,f,f,f,t,f,t,f,f,f,f,f,f,f,f,t,n,won
f,f,f,f,f,f,t,t,t,f,t,f,l,f,n,f,f,f,f,f,f,f,f,f,f,t,f,f,f,f,f,f,f,f,t,n,won
f,f,f,f,t,f,t,t,t,f,t,f,l,f,n,f,f,f,f,f,f,f,f,t,f,t,f,f,f,f,f,f,f,f,t,n,won
f,f,f,f,f,f,t,t,t,f,t,f,l,f,w,f,f,f,f,f,f,f,f,f,f,t,f,f,f,f,f,f,f,f,t,n,won
f,f,f,f,f,t,f,f,f,f,f,f,l,f,n,f,f,t,f,f,f,f,f,f,f,t,f,f,f,f,f,f,f,t,t,n,won
f,f,f,f,f,t,f,f,f,f,f,f,l,f,n,f,f,t,f,f,f,f,f,f,f,t,f,f,f,f,f,f,f,f,t,n,won
f,f,f,t,f,t,f,f,f,f,f,f,l,f,n,f,f,t,f,f,f,f,f,f,f,t,f,f,f,f,f,f,f,f,t,n,won
f,f,f,f,t,t,f,f,f,f,f,f,l,f,n,f,f,t,f,f,f,f,f,f,f,t,f,f,f,f,f,f,f,f,t,n,won
f,f,f,t,t,t,f,f,f,f,f,f,l,f,n,f,f,t,f,f,f,f,f,f,f,t,f,f,f,f,f,f,f,t,t,n,won
f,f,f,t,t,t,f,f,f,f,f,f,l,f,n,f,f,t,f,f,f,f,f,f,f,t,f,f,f,f,f,f,f,f,t,n,won
f,f,f,f,f,t,t,f,f,f,f,f,l,f,n,f,f,t,f,f,f,f,f,f,f,t,f,f,f,f,f,f,f,f,t,n,won
f,f,f,f,t,t,t,f,f,f,f,f,l,f,n,f,f,t,f,f,f,f,f,f,f,t,f,f,f,f,f,f,f,t,t,n,won
f,f,f,f,t,t,t,f,f,f,f,f,l,f,n,f,f,t,f,f,f,f,f,f,f,t,f,f,f,f,f,f,f,f,t,n,won
f,f,f,f,f,t,f,f,f,f,f,f,l,f,n,f,f,t,f,f,f,f,f,f,f,t,f,f,f,f,f,f,t,f,t,n,won
f,f,f,f,f,t,f,f,t,f,f,f,l,f,n,f,f,t,f,f,f,t,f,f,f,t,f,f,f,f,f,f,f,t,t,n,won
f,f,f,f,t,t,t,f,t,f,f,f,l,f,n,f,f,t,f,f,f,t,f,f,f,t,f,f,f,f,f,f,f,t,t,n,won
f,f,f,f,f,t,f,f,f,f,f,f,l,f,n,f,f,t,f,f,f,f,f,t,f,t,f,f,f,f,f,f,f,t,t,n,won
f,f,f,f,f,t,f,f,f,f,f,f,l,f,n,f,f,t,f,f,f,f,f,t,f,t,f,f,f,f,f,f,f,f,t,n,won
f,f,t,f,f,t,f,f,f,f,f,f,l,f,n,f,f,t,f,f,f,f,f,t,f,t,f,f,f,f,f,f,f,f,t,n,won
f,f,f,t,f,t,f,f,f,f,f,f,l,f,n,f,f,t,f,f,f,f,f,t,f,t,f,f,f,f,f,f,f,f,t,n,won
f,f,t,f,t,t,t,f,f,f,f,f,l,f,n,f,f,t,f,f,f,f,f,t,f,t,f,f,f,f,f,f,f,f,t,n,won
f,f,f,f,f,t,f,f,f,f,f,f,l,f,n,f,f,t,f,f,f,f,f,t,f,t,f,f,f,f,f,f,t,f,t,n,won
f,f,f,f,f,t,f,f,t,f,f,f,l,f,n,f,f,t,f,f,f,t,f,t,f,t,f,f,f,f,f,f,f,t,t,n,won
f,f,f,f,f,t,f,f,f,f,t,f,l,f,n,f,f,t,f,f,f,f,f,f,f,t,f,f,f,f,t,f,f,t,t,n,won
f,f,f,f,f,t,f,f,f,f,t,f,l,f,n,f,f,t,f,f,f,f,f,f,f,t,f,f,f,f,t,f,f,f,t,n,won
f,f,f,t,f,t,f,f,f,f,t,f,l,f,n,f,f,t,f,f,f,f,f,f,f,t,f,f,f,f,t,f,f,t,t,n,won
f,f,f,t,f,t,f,f,f,f,t,f,l,f,n,f,f,t,f,f,f,f,f,f,f,t,f,f,f,f,t,f,f,f,t,n,won
f,f,f,f,f,t,t,f,f,f,t,f,l,f,n,f,f,t,f,f,f,f,f,f,f,t,f,f,f,f,f,f,f,t,t,n,won
f,f,f,f,t,t,t,f,f,f,t,f,l,f,n,f,f,t,f,f,f,f,f,f,f,t,f,f,f,f,f,f,f,t,t,n,won
f,f,f,f,t,t,t,f,f,f,t,f,l,f,n,f,f,t,f,f,f,f,f,f,f,t,f,f,f,f,f,f,f,f,t,n,won
f,f,f,f,f,t,t,f,f,f,t,f,l,f,n,f,f,t,f,t,f,f,f,f,f,t,f,f,f,f,t,f,f,t,t,n,won
f,f,f,f,f,t,f,f,t,f,t,f,l,f,n,f,f,t,f,f,f,t,f,f,f,t,f,f,f,f,t,f,f,t,t,n,won
f,f,f,f,f,t,f,f,t,f,t,f,l,f,n,f,f,t,f,f,f,t,f,f,f,t,f,f,f,f,t,f,f,f,t,n,won
f,f,f,f,f,t,f,f,t,f,t,f,l,f,n,f,f,t,f,t,f,t,f,f,f,t,f,f,f,f,t,f,f,t,t,n,won
f,f,f,f,f,t,t,f,t,f,t,f,l,f,n,f,f,t,f,f,f,t,f,f,f,t,f,f,f,f,f,f,f,t,t,n,won
f,f,f,f,t,t,t,f,t,f,t,f,l,f,n,f,f,t,f,f,f,t,f,f,f,t,f,f,f,f,t,f,f,f,t,n,won
f,f,f,f,f,t,f,f,f,f,t,f,l,f,n,f,f,t,f,f,f,f,f,t,f,t,f,f,f,f,t,f,f,t,t,n,won
f,f,f,f,f,t,t,f,f,f,t,f,l,f,n,f,f,t,f,t,f,f,f,t,f,t,f,f,f,f,t,f,f,t,t,n,won
f,f,f,f,f,t,f,f,t,f,t,f,l,f,n,f,f,t,f,f,f,t,f,t,f,t,f,f,f,f,t,f,f,t,t,n,won
f,f,f,f,f,t,t,f,t,f,t,f,l,f,n,f,f,t,f,f,f,t,f,t,f,t,f,f,f,f,f,f,f,t,t,n,won
f,f,f,f,f,t,f,f,f,f,t,f,l,f,n,f,f,t,f,f,f,f,f,f,f,t,f,f,f,f,t,f,f,t,f,n,won
f,f,f,f,f,t,f,f,f,f,t,f,l,f,n,f,f,t,f,f,f,f,f,f,f,t,f,f,f,f,t,f,f,f,f,n,won
f,f,f,f,f,t,t,f,f,f,t,f,l,f,n,f,f,t,f,f,f,f,f,f,f,t,f,f,f,f,f,f,f,t,f,n,won
f,f,f,f,f,t,t,f,f,f,t,f,l,f,n,f,f,t,f,f,f,f,f,f,f,t,f,f,f,f,f,f,f,f,f,n,won
f,f,f,f,t,t,t,f,f,f,t,f,l,f,n,f,f,t,f,f,f,f,f,f,f,t,f,f,f,f,f,f,f,t,f,n,won
f,f,f,f,t,t,t,f,f,f,t,f,l,f,n,f,f,t,f,f,f,f,f,f,f,t,f,f,f,f,f,f,f,f,f,n,won
f,f,f,f,f,t,t,f,f,f,t,f,l,f,n,f,f,t,f,t,f,f,f,f,f,t,f,f,f,f,t,f,f,t,f,n,won
f,f,f,f,f,t,f,f,t,f,t,f,l,f,n,f,f,t,f,f,f,t,f,f,f,t,f,f,f,f,t,f,f,t,f,n,won
f,f,f,f,f,t,t,f,t,f,t,f,l,f,n,f,f,t,f,f,f,t,f,f,f,t,f,f,f,f,f,f,f,t,f,n,won
f,f,f,f,f,t,t,f,t,f,t,f,l,f,n,f,f,t,f,t,f,t,f,f,f,t,f,f,f,f,f,f,f,t,f,n,won
f,f,f,f,f,t,f,f,f,f,t,f,l,f,n,f,f,t,f,f,f,f,f,t,f,t,f,f,f,f,t,f,f,t,f,n,won
f,f,f,f,f,t,f,f,f,f,t,f,l,f,w,f,f,t,f,f,f,f,f,f,f,t,f,f,f,f,t,f,f,t,t,n,won
f,f,f,f,f,t,f,f,f,f,t,f,l,f,w,f,f,t,f,f,f,f,f,f,f,t,f,f,f,f,t,f,f,f,t,n,won
f,f,f,f,f,t,f,f,f,f,t,f,l,f,w,f,f,t,f,t,f,f,f,f,f,t,f,f,f,f,t,f,f,t,t,n,won
f,f,f,f,f,t,f,f,f,f,t,f,l,f,w,f,f,t,f,t,f,f,f,f,f,t,f,f,f,f,t,f,f,f,t,n,won
f,f,f,f,f,t,t,f,f,f,t,f,l,f,w,f,f,t,f,f,f,f,f,f,f,t,f,f,f,f,f,f,f,t,t,n,won
f,f,f,f,t,t,t,f,f,f,t,f,l,f,w,f,f,t,f,f,f,f,f,f,f,t,f,f,f,f,f,f,f,t,t,n,won
f,f,f,f,t,t,t,f,f,f,t,f,l,f,w,f,f,t,f,f,f,f,f,f,f,t,f,f,f,f,f,f,f,f,t,n,won
f,f,f,f,f,t,t,f,t,f,t,f,l,f,w,f,f,t,f,f,f,t,f,f,f,t,f,f,f,f,f,f,f,t,t,n,won
f,f,f,f,f,t,f,f,f,f,t,f,l,f,w,f,f,t,f,f,f,f,f,t,f,t,f,f,f,f,t,f,f,t,t,n,won
f,f,f,f,f,t,f,f,f,f,t,f,l,f,w,f,f,t,f,t,f,f,f,t,f,t,f,f,f,f,t,f,f,t,t,n,won
f,f,f,f,f,t,t,f,t,f,t,f,l,f,w,f,f,t,f,f,f,t,f,t,f,t,f,f,f,f,f,f,f,t,t,n,won
f,f,f,f,f,t,f,f,f,f,t,f,l,f,w,f,f,t,f,f,f,f,f,f,f,t,f,f,f,f,t,f,f,t,f,n,won
f,f,f,f,f,t,f,f,f,f,t,f,l,f,w,f,f,t,f,f,f,f,f,f,f,t,f,f,f,f,t,f,f,f,f,n,won
f,f,f,f,f,t,t,f,f,f,t,f,l,f,w,f,f,t,f,f,f,f,f,f,f,t,f,f,f,f,f,f,f,t,f,n,won
f,f,f,f,t,t,t,f,f,f,t,f,l,f,w,f,f,t,f,f,f,f,f,f,f,t,f,f,f,f,f,f,f,t,f,n,won
f,f,f,f,t,t,t,f,f,f,t,f,l,f,w,f,f,t,f,f,f,f,f,f,f,t,f,f,f,f,f,f,f,f,f,n,won
f,f,f,f,f,t,t,f,t,f,t,f,l,f,w,f,f,t,f,f,f,t,f,f,f,t,f,f,f,f,f,f,f,t,f,n,won
f,f,f,f,f,t,f,f,f,f,t,f,l,f,w,f,f,t,f,f,f,f,f,t,f,t,f,f,f,f,t,f,f,t,f,n,won
t,f,f,f,t,t,f,f,f,f,t,f,l,f,n,f,f,t,f,f,f,f,f,f,f,t,f,f,f,f,f,f,f,f,t,n,won
t,f,f,f,f,t,f,f,f,f,t,f,l,f,n,f,f,t,f,f,f,f,f,f,f,t,f,f,f,f,t,f,f,t,t,n,won
t,f,f,f,f,t,t,f,f,f,t,f,l,f,n,f,f,t,f,f,f,f,f,f,f,t,f,f,f,f,f,f,f,t,t,n,won
t,f,f,f,t,t,f,f,t,f,t,f,l,f,n,f,f,t,f,f,f,t,f,f,f,t,f,f,f,f,f,f,f,t,t,n,won
t,f,f,f,t,t,t,f,t,f,t,f,l,f,n,f,f,t,f,f,f,t,f,f,f,t,f,f,f,f,f,f,f,t,t,n,won
t,f,f,f,f,t,f,f,f,f,t,f,l,f,n,f,f,t,f,f,f,f,f,t,f,t,f,f,f,f,t,f,f,t,t,n,won
t,f,f,f,f,t,t,f,f,f,t,f,l,f,n,f,f,t,f,f,f,f,f,t,f,t,f,f,f,f,f,f,f,t,t,n,won
t,f,f,f,t,t,t,f,f,f,t,f,l,f,n,f,f,t,f,f,f,f,f,t,f,t,f,f,f,f,f,f,f,t,t,n,won
t,f,f,f,f,t,f,f,f,f,t,f,l,f,n,f,f,t,f,f,f,f,f,f,f,t,f,f,f,f,t,f,f,t,f,n,won
t,f,f,f,f,t,t,f,f,f,t,f,l,f,n,f,f,t,f,f,f,f,f,f,f,t,f,f,f,f,f,f,f,t,f,n,won
t,f,f,f,f,t,f,f,f,f,t,f,l,f,n,f,f,t,f,f,f,f,f,t,f,t,f,f,f,f,t,f,f,t,f,n,won
t,f,f,f,t,t,f,f,f,f,t,f,l,f,b,f,f,t,f,f,f,f,f,f,f,t,f,f,f,f,f,f,f,f,t,n,won
t,f,f,f,f,t,f,f,f,f,t,f,l,f,w,f,f,t,f,f,f,f,f,f,f,t,f,f,f,f,t,f,f,t,t,n,won
t,f,f,f,f,t,f,f,f,f,t,f,l,f,b,f,f,t,f,f,f,f,f,f,f,t,f,f,f,f,t,f,f,t,t,n,won
t,f,f,f,f,t,t,f,f,f,t,f,l,f,w,f,f,t,f,f,f,f,f,f,f,t,f,f,f,f,f,f,f,t,t,n,won
t,f,f,f,f,t,t,f,f,f,t,f,l,f,b,f,f,t,f,f,f,f,f,f,f,t,f,f,f,f,f,f,f,t,t,n,won
t,f,f,f,f,t,f,f,f,f,t,f,l,f,b,f,f,t,f,f,f,f,f,t,f,t,f,f,f,f,f,f,f,t,t,n,won
t,f,f,f,f,t,f,f,f,f,t,f,l,f,w,f,f,t,f,f,f,f,f,t,f,t,f,f,f,f,t,f,f,t,t,n,won
t,f,f,f,f,t,t,f,f,f,t,f,l,f,w,f,f,t,f,f,f,f,f,t,f,t,f,f,f,f,f,f,f,t,t,n,won
t,f,f,f,f,t,t,f,f,f,t,f,l,f,b,f,f,t,f,f,f,f,f,t,f,t,f,f,f,f,f,f,f,t,t,n,won
t,f,f,f,t,t,t,f,f,f,t,f,l,f,w,f,f,t,f,f,f,f,f,t,f,t,f,f,f,f,f,f,f,t,t,n,won
t,f,f,f,f,t,t,f,f,f,t,f,l,f,w,f,f,t,f,f,f,f,f,f,f,t,f,f,f,f,f,f,f,t,f,n,won
f,f,f,f,f,t,f,f,f,f,f,f,l,f,n,f,f,f,f,f,f,f,f,f,f,t,f,f,f,f,f,f,f,t,t,n,won
f,f,f,f,f,t,f,f,f,f,f,f,l,f,n,f,f,f,f,f,f,f,f,f,f,t,f,f,f,f,f,f,f,f,t,n,won
f,f,f,t,f,t,f,f,f,f,f,f,l,f,n,f,f,f,f,f,f,f,f,f,f,t,f,f,f,f,f,f,f,f,t,n,won
f,f,f,f,t,t,f,f,f,f,f,f,l,f,n,f,f,f,f,f,f,f,f,f,f,t,f,f,f,f,f,f,f,f,t,n,won
f,f,f,t,t,t,f,f,f,f,f,f,l,f,n,f,f,f,f,f,f,f,f,f,f,t,f,f,f,f,f,f,f,t,t,n,won
f,f,f,f,f,t,t,f,f,f,f,f,l,f,n,f,f,f,f,f,f,f,f,f,f,t,f,f,f,f,f,f,f,t,t,n,won
f,f,f,f,f,t,t,f,f,f,f,f,l,f,n,f,f,f,f,f,f,f,f,f,f,t,f,f,f,f,f,f,f,f,t,n,won
f,f,f,f,t,t,t,f,f,f,f,f,l,f,n,f,f,f,f,f,f,f,f,f,f,t,f,f,f,f,f,f,f,t,t,n,won
f,f,f,f,t,t,t,f,f,f,f,f,l,f,n,f,f,f,f,f,f,f,f,f,f,t,f,f,f,f,f,f,f,f,t,n,won
f,f,f,f,f,t,f,f,f,f,f,f,l,f,n,f,f,f,f,f,f,f,f,f,f,t,f,f,f,f,f,f,t,f,t,n,won
f,f,f,f,f,t,f,f,f,f,f,f,l,f,n,f,f,f,f,f,f,f,f,t,f,t,f,f,f,f,f,f,f,t,t,n,won
f,f,f,f,f,t,f,f,f,f,f,f,l,f,n,f,f,f,f,f,f,f,f,t,f,t,f,f,f,f,f,f,f,f,t,n,won
f,f,t,f,f,t,f,f,f,f,f,f,l,f,n,f,f,f,f,f,f,f,f,t,f,t,f,f,f,f,f,f,f,f,t,n,won
f,f,f,t,f,t,f,f,f,f,f,f,l,f,n,f,f,f,f,f,f,f,f,t,f,t,f,f,f,f,f,f,f,f,t,n,won
f,f,f,t,t,t,f,f,f,f,f,f,l,f,n,f,f,f,f,f,f,f,f,t,f,t,f,f,f,f,f,f,f,f,t,n,won
f,f,t,f,t,t,t,f,f,f,f,f,l,f,n,f,f,f,f,f,f,f,f,t,f,t,f,f,f,f,f,f,f,f,t,n,won
f,f,f,f,f,t,f,f,f,f,f,f,l,f,n,f,f,f,f,f,f,f,f,t,f,t,f,f,f,f,f,f,t,f,t,n,won
f,f,f,f,f,t,f,f,f,f,t,f,l,f,n,f,f,f,f,f,f,f,f,f,f,t,f,f,f,f,t,f,f,f,t,n,won
f,f,f,f,t,t,t,f,f,f,t,f,l,f,n,f,f,f,f,f,f,f,f,f,f,t,f,f,f,f,f,f,f,f,t,n,won
f,f,f,f,f,t,f,f,f,f,t,f,l,f,n,f,f,f,f,f,f,f,f,t,f,t,f,f,f,f,t,f,f,f,t,n,won
f,f,f,t,f,t,f,f,f,f,t,f,l,f,n,f,f,f,f,f,f,f,f,t,f,t,f,f,f,f,t,f,f,f,t,n,won
f,f,f,f,f,t,t,f,f,f,t,f,l,f,n,f,f,f,f,f,f,f,f,t,f,t,f,f,f,f,f,f,f,f,t,n,won
f,f,f,f,t,t,t,f,f,f,t,f,l,f,n,f,f,f,f,f,f,f,f,t,f,t,f,f,f,f,f,f,f,f,t,n,won
f,f,f,f,f,t,f,f,t,f,t,f,l,f,n,f,f,f,f,f,f,t,f,t,f,t,f,f,f,f,t,f,f,f,t,n,won
f,f,f,f,f,t,f,f,f,f,t,f,l,f,n,f,f,f,f,f,f,f,f,f,f,t,f,f,f,f,t,f,f,f,f,n,won
f,f,f,f,f,t,t,f,f,f,t,f,l,f,n,f,f,f,f,t,f,f,f,f,f,t,f,f,f,f,f,f,f,f,f,n,won
f,f,f,f,t,t,t,f,f,f,t,f,l,f,n,f,f,f,f,f,f,f,f,f,f,t,f,f,f,f,f,f,f,f,f,n,won
f,f,f,f,f,t,f,f,f,f,t,f,l,f,n,f,f,f,f,f,f,f,f,f,f,t,f,f,f,f,t,f,t,f,f,n,won
f,f,f,f,f,t,f,f,f,f,t,f,l,f,n,f,f,f,f,f,f,f,f,t,f,t,f,f,f,f,t,f,f,f,f,n,won
f,f,f,f,f,t,t,f,f,f,t,f,l,f,n,f,f,f,f,f,f,f,f,t,f,t,f,f,f,f,f,f,f,f,f,n,won
f,f,f,f,t,t,t,f,f,f,t,f,l,f,n,f,f,f,f,f,f,f,f,t,f,t,f,f,f,f,f,f,f,f,f,n,won
f,f,f,f,f,t,f,f,f,f,t,f,l,f,n,f,f,f,f,f,f,f,f,t,f,t,f,f,f,f,t,f,t,f,f,n,won
f,f,f,f,f,t,f,f,f,f,t,f,l,f,w,f,f,f,f,f,f,f,f,f,f,t,f,f,f,f,t,f,f,f,t,n,won
f,f,f,f,t,t,t,f,f,f,t,f,l,f,w,f,f,f,f,f,f,f,f,f,f,t,f,f,f,f,f,f,f,t,t,n,won
f,f,f,f,t,t,t,f,f,f,t,f,l,f,w,f,f,f,f,f,f,f,f,f,f,t,f,f,f,f,f,f,f,f,t,n,won
f,f,f,f,f,t,t,f,t,f,t,f,l,f,w,f,f,f,f,f,f,t,f,f,f,t,f,f,f,f,f,f,f,t,t,n,won
f,f,f,f,f,t,f,f,f,f,t,f,l,f,w,f,f,f,f,f,f,f,f,t,f,t,f,f,f,f,t,f,f,f,t,n,won
f,f,f,f,f,t,t,f,f,f,t,f,l,f,w,f,f,f,f,f,f,f,f,t,f,t,f,f,f,f,f,f,f,f,t,n,won
f,f,f,f,t,t,t,f,f,f,t,f,l,f,w,f,f,f,f,f,f,f,f,t,f,t,f,f,f,f,f,f,f,t,t,n,won
f,f,f,f,t,t,t,f,f,f,t,f,l,f,w,f,f,f,f,f,f,f,f,t,f,t,f,f,f,f,f,f,f,f,t,n,won
f,f,f,f,t,t,t,f,f,f,t,f,l,f,w,f,f,f,f,f,f,f,f,f,f,t,f,f,f,f,f,f,f,f,f,n,won
f,f,f,f,f,t,t,f,f,f,t,f,l,f,w,f,f,f,f,f,f,f,f,t,f,t,f,f,f,f,f,f,f,t,f,n,won
f,f,f,f,f,t,t,f,f,f,t,f,l,f,w,f,f,f,f,f,f,f,f,t,f,t,f,f,f,f,f,f,f,f,f,n,won
f,f,f,f,t,t,t,f,f,f,t,f,l,f,w,f,f,f,f,f,f,f,f,t,f,t,f,f,f,f,f,f,f,t,f,n,won
t,f,f,f,t,t,f,f,f,f,t,f,l,f,n,f,f,f,f,f,f,f,f,f,f,t,f,f,f,f,f,f,f,f,t,n,won
f,f,f,f,f,t,t,t,t,f,f,f,l,f,n,f,f,t,f,f,f,f,f,f,f,t,f,f,f,f,f,f,f,f,t,n,won
f,f,f,f,t,t,t,t,t,f,f,f,l,f,n,f,f,t,f,f,f,f,f,f,f,t,f,f,f,f,f,f,f,t,t,n,won
f,f,f,f,t,t,t,t,t,f,f,f,l,f,n,f,f,t,f,f,f,f,f,f,f,t,f,f,f,f,f,f,f,f,t,n,won
f,f,f,f,f,t,t,t,t,f,f,f,l,f,n,f,f,t,f,f,f,t,f,f,f,t,f,f,f,f,f,f,f,t,t,n,won
f,f,f,f,t,t,t,t,t,f,f,f,l,f,n,f,f,t,f,f,f,t,f,f,f,t,f,f,f,f,f,f,f,t,t,n,won
f,f,f,f,f,t,t,t,t,f,t,f,l,f,n,f,f,t,f,f,f,f,f,f,f,t,f,f,f,f,f,f,f,f,t,n,won
f,f,f,t,f,t,t,t,t,f,t,f,l,f,n,f,f,t,f,f,f,f,f,f,f,t,f,f,f,f,f,f,f,f,t,n,won
f,f,f,f,f,t,t,t,t,f,t,f,l,f,n,f,f,t,f,f,f,t,f,f,f,t,f,f,f,f,f,f,f,t,t,n,won
f,f,f,f,f,t,t,t,t,f,t,f,l,f,n,f,f,t,f,f,f,f,f,f,f,t,f,f,f,f,f,f,f,f,f,n,won
f,f,f,f,f,t,t,t,t,f,t,f,l,f,n,f,f,t,f,f,f,t,f,f,f,t,f,f,f,f,f,f,f,t,f,n,won
f,f,f,f,f,t,t,t,t,f,t,f,l,f,w,f,f,t,f,f,f,f,f,f,f,t,f,f,f,f,f,f,f,f,t,n,won
f,f,f,f,f,t,t,t,t,f,t,f,l,f,w,f,f,t,f,f,f,t,f,f,f,t,f,f,f,f,f,f,f,t,t,n,won
f,f,f,f,f,t,t,t,t,f,t,f,l,f,w,f,f,t,f,f,f,f,f,f,f,t,f,f,f,f,f,f,f,t,f,n,won
t,f,f,f,t,t,t,t,t,f,t,f,l,f,n,f,f,t,f,f,f,f,f,f,f,t,f,f,f,f,f,f,f,t,t,n,won
f,f,f,f,t,t,t,t,t,f,f,f,l,f,n,f,f,f,f,f,f,f,f,f,f,t,f,f,f,f,f,f,f,f,t,n,won
f,f,f,f,f,t,t,t,t,f,t,f,l,f,n,f,f,f,f,f,f,f,f,t,f,t,f,f,f,f,f,f,f,f,t,n,won
t,f,f,f,f,t,f,f,f,f,t,f,l,f,n,f,f,t,f,f,f,f,t,f,f,t,f,f,f,f,t,f,f,t,t,n,won
f,f,f,f,f,f,f,f,f,f,f,f,l,f,n,f,f,t,f,f,f,f,f,f,f,f,f,f,f,f,f,f,f,t,t,n,won
f,f,f,f,t,f,f,f,f,f,f,f,l,f,n,f,f,t,f,f,f,f,f,f,f,f,f,f,f,f,f,f,f,t,t,n,won
f,f,f,f,t,f,t,f,f,f,f,f,l,f,n,f,f,t,f,f,f,f,f,f,f,f,f,f,f,f,f,f,f,t,t,n,won
f,f,f,f,f,f,f,f,t,f,f,f,l,f,n,f,f,t,f,f,f,t,f,f,f,f,f,f,f,f,f,f,f,t,t,n,won
f,f,f,f,t,f,f,f,t,f,f,f,l,f,n,f,f,t,f,f,f,t,f,f,f,f,f,f,f,f,f,f,f,t,t,n,won
f,f,f,f,f,f,f,f,f,f,f,f,l,f,n,f,f,t,f,f,f,f,f,t,f,f,f,f,f,f,f,f,f,t,t,n,won
f,f,f,f,t,f,f,f,f,f,f,f,l,f,n,f,f,t,f,f,f,f,f,t,f,f,f,f,f,f,f,f,f,t,t,n,won
f,f,f,f,f,f,f,f,f,f,f,f,l,f,n,f,f,t,f,f,f,f,f,t,f,f,f,f,f,t,f,f,f,t,t,n,won
f,f,f,f,t,f,t,f,f,f,f,f,l,f,n,f,f,t,f,f,f,f,f,t,f,f,f,f,f,f,f,f,f,t,t,n,won
f,f,f,f,f,f,f,f,t,f,f,f,l,f,n,f,f,t,f,f,f,t,f,t,f,f,f,f,f,f,f,f,f,t,t,n,won
f,f,f,f,t,f,f,f,t,f,f,f,l,f,n,f,f,t,f,f,f,t,f,t,f,f,f,f,f,f,f,f,f,t,t,n,won
f,f,f,f,f,f,t,f,t,f,f,f,l,f,n,f,f,t,f,f,f,t,f,t,f,f,f,f,f,f,f,f,f,t,t,n,won
f,f,f,f,f,f,f,f,f,f,f,f,l,f,n,f,f,f,f,f,f,f,f,f,f,f,f,f,f,f,f,f,f,t,t,n,won
f,f,f,f,f,f,f,f,f,f,f,f,l,f,n,f,f,f,f,f,f,f,f,f,f,f,f,f,f,f,f,f,f,f,t,n,won
f,f,f,f,t,f,f,f,f,f,f,f,l,f,n,f,f,f,f,f,f,f,f,f,f,f,f,f,f,f,f,f,f,t,t,n,won
f,f,f,f,t,f,t,f,f,f,f,f,l,f,n,f,f,f,f,f,f,f,f,f,f,f,f,f,f,f,f,f,f,t,t,n,won
f,f,f,f,t,f,t,f,f,f,f,f,l,f,n,f,f,f,f,f,f,f,f,f,f,f,f,f,f,f,f,f,f,f,t,n,won
f,f,f,f,f,f,f,f,f,f,f,f,l,f,n,f,f,f,f,f,f,f,f,f,f,f,f,f,f,f,f,f,t,f,t,n,won
f,t,f,f,f,f,f,f,f,f,f,f,l,f,n,f,f,f,f,f,f,f,f,f,f,f,f,f,f,f,f,f,t,f,t,n,won
f,f,f,f,f,f,f,f,t,f,f,f,l,f,n,f,f,f,f,f,f,t,f,f,f,f,f,f,f,f,f,f,f,t,t,n,won
f,f,f,f,t,f,f,f,t,f,f,f,l,f,n,f,f,f,f,f,f,t,f,f,f,f,f,f,f,f,f,f,f,t,t,n,won
f,f,f,f,f,f,f,f,f,f,f,f,l,f,n,f,f,f,f,f,f,f,f,t,f,f,f,f,f,f,f,f,f,t,t,n,won
f,f,f,f,f,f,f,f,f,f,f,f,l,f,n,f,f,f,f,f,f,f,f,t,f,f,f,f,f,f,f,f,f,f,t,n,won
f,f,f,f,t,f,f,f,f,f,f,f,l,f,n,f,f,f,f,f,f,f,f,t,f,f,f,f,f,f,f,f,f,t,t,n,won
f,f,f,f,f,f,f,f,f,f,f,f,l,f,n,f,f,f,f,f,f,f,f,t,f,f,f,f,f,t,f,f,f,f,t,n,won
f,f,f,f,t,f,t,f,f,f,f,f,l,f,n,f,f,f,f,f,f,f,f,t,f,f,f,f,f,f,f,f,f,t,t,n,won
f,f,f,f,t,f,t,f,f,f,f,f,l,f,n,f,f,f,f,f,f,f,f,t,f,f,f,f,f,f,f,f,f,f,t,n,won
f,f,f,f,f,f,f,f,f,f,f,f,l,f,n,f,f,f,f,f,f,f,f,t,f,f,f,f,f,f,f,f,t,f,t,n,won
f,f,f,f,f,f,f,f,t,f,f,f,l,f,n,f,f,f,f,f,f,t,f,t,f,f,f,f,f,f,f,f,f,t,t,n,won
f,f,f,f,t,f,t,t,t,f,f,f,l,f,n,f,f,t,f,f,f,f,f,f,f,f,f,f,f,f,f,f,f,t,t,n,won
f,f,f,f,t,f,t,t,t,f,f,f,l,f,n,f,f,t,f,f,f,t,f,f,f,f,f,f,f,f,f,f,f,t,t,n,won
f,f,f,f,t,f,t,t,t,f,f,f,l,f,n,f,f,t,f,f,f,f,f,t,f,f,f,f,f,f,f,f,f,t,t,n,won
f,f,f,f,t,f,t,t,t,f,f,f,l,f,n,f,f,f,f,f,f,f,f,t,f,f,f,f,f,f,f,f,f,t,t,n,won
f,f,f,f,f,f,f,f,f,f,f,f,l,f,n,f,t,t,f,f,f,f,t,f,f,f,f,f,f,f,f,f,f,t,t,n,won
f,f,f,f,f,f,f,f,f,f,f,f,l,f,n,f,t,t,f,f,f,f,t,t,f,f,f,f,f,f,f,f,f,t,t,n,won
f,f,f,f,f,t,f,f,f,f,f,f,l,f,n,f,f,t,f,f,f,f,f,f,f,f,f,f,f,f,f,f,f,t,t,n,won
f,f,f,f,f,t,f,f,f,f,f,f,l,f,n,f,f,t,f,f,f,f,f,f,f,f,f,f,f,f,f,f,f,f,t,n,won
f,t,f,t,f,t,f,f,f,f,f,f,l,f,n,f,f,t,f,f,f,f,f,f,f,f,f,f,f,f,f,f,f,f,t,n,won
f,f,f,f,t,t,f,f,f,f,f,f,l,f,n,f,f,t,f,f,f,f,f,f,f,f,f,f,f,f,f,f,f,t,t,n,won
f,f,f,f,t,t,f,f,f,f,f,f,l,f,n,f,f,t,f,f,f,f,f,f,f,f,f,f,f,f,f,f,f,f,t,n,won
f,f,f,t,t,t,f,f,f,f,f,f,l,f,n,f,f,t,f,f,f,f,f,f,f,f,f,f,f,f,f,f,f,t,t,n,won
f,f,f,t,t,t,f,f,f,f,f,f,l,f,n,f,f,t,f,f,f,f,f,f,f,f,f,f,f,f,f,f,f,f,t,n,won
f,f,f,f,t,t,t,f,f,f,f,f,l,f,n,f,f,t,f,f,f,f,f,f,f,f,f,f,f,f,f,f,f,t,t,n,won
f,f,f,f,t,t,t,f,f,f,f,f,l,f,n,f,f,t,f,f,f,f,f,f,f,f,f,f,f,f,f,f,f,f,t,n,won
f,f,f,f,t,t,f,f,f,f,f,f,l,f,n,f,f,t,f,f,f,f,f,f,f,f,f,f,f,f,f,f,t,f,t,n,won
f,f,f,f,f,t,f,f,t,f,f,f,l,f,n,f,f,t,f,f,f,t,f,f,f,f,f,f,f,f,f,f,f,t,t,n,won
f,f,f,f,f,t,f,f,t,f,f,f,l,f,n,f,f,t,f,f,f,t,f,f,f,f,f,f,f,f,f,f,f,f,t,n,won
f,f,f,f,t,t,f,f,t,f,f,f,l,f,n,f,f,t,f,f,f,t,f,f,f,f,f,f,f,f,f,f,f,t,t,n,won
f,f,f,t,t,t,f,f,t,f,f,f,l,f,n,f,f,t,f,f,f,t,f,f,f,f,f,f,f,f,f,f,f,t,t,n,won
f,f,f,f,f,t,t,f,t,f,f,f,l,f,n,f,f,t,f,f,f,t,f,f,f,f,f,f,f,f,f,f,f,t,t,n,won
f,f,f,f,f,t,t,f,t,f,f,f,l,f,n,f,f,t,f,f,f,t,f,f,f,f,f,f,f,f,f,f,f,f,t,n,won
f,f,f,f,t,t,t,f,t,f,f,f,l,f,n,f,f,t,f,f,f,t,f,f,f,f,f,f,f,f,f,f,f,t,t,n,won
f,f,f,f,t,t,t,f,t,f,f,f,l,f,n,f,f,t,f,f,f,t,f,f,f,f,f,f,f,f,f,f,f,f,t,n,won
f,f,f,f,f,t,f,f,f,f,f,f,l,f,n,f,f,t,f,f,f,f,f,t,f,f,f,f,f,f,f,f,f,t,t,n,won
f,t,f,f,f,t,f,f,f,f,f,f,l,f,n,f,f,t,f,f,f,f,f,t,f,f,f,f,f,f,f,f,f,f,t,n,won
f,f,t,f,f,t,t,f,f,f,f,f,l,f,n,f,f,t,f,f,f,f,f,t,f,f,f,f,f,f,f,f,f,f,t,n,won
f,f,f,f,t,t,t,f,f,f,f,f,l,f,n,f,f,t,f,f,f,f,f,t,f,f,f,f,f,f,f,f,f,t,t,n,won
f,f,f,f,f,t,f,f,t,f,f,f,l,f,n,f,f,t,f,f,f,t,f,t,f,f,f,f,f,f,f,f,f,t,t,n,won
f,f,f,f,t,t,t,f,t,f,f,f,l,f,n,f,f,t,f,f,f,t,f,t,f,f,f,f,f,f,f,f,f,t,t,n,won
f,f,f,f,f,t,f,f,f,f,f,f,l,f,n,f,f,f,f,f,f,f,f,f,f,f,f,f,f,f,f,f,f,t,t,n,won
f,f,f,f,f,t,f,f,f,f,f,f,l,f,n,f,f,f,f,f,f,f,f,f,f,f,f,f,f,f,f,f,f,f,t,n,won
f,f,f,f,t,t,f,f,f,f,f,f,l,f,n,f,f,f,f,f,f,f,f,f,f,f,f,f,f,f,f,f,f,f,t,n,won
f,f,f,t,t,t,f,f,f,f,f,f,l,f,n,f,f,f,f,f,f,f,f,f,f,f,f,f,f,f,f,f,f,t,t,n,won
f,f,f,f,t,t,t,f,f,f,f,f,l,f,n,f,f,f,f,f,f,f,f,f,f,f,f,f,f,f,f,f,f,t,t,n,won
f,f,f,f,t,t,t,f,f,f,f,f,l,f,n,f,f,f,f,f,f,f,f,f,f,f,f,f,f,f,f,f,f,f,t,n,won
f,f,f,f,f,t,f,f,f,f,f,f,l,f,n,f,f,f,f,f,f,f,f,f,f,f,f,f,f,f,f,f,t,f,t,n,won
f,f,f,f,f,t,f,f,t,f,f,f,l,f,n,f,f,f,f,f,f,t,f,f,f,f,f,f,f,f,f,f,f,t,t,n,won
f,f,f,f,f,t,t,f,t,f,f,f,l,f,n,f,f,f,f,f,f,t,f,f,f,f,f,f,f,f,f,f,f,t,t,n,won
f,f,f,f,f,t,f,f,f,f,f,f,l,f,n,f,f,f,f,f,f,f,f,t,f,f,f,f,f,f,f,f,f,t,t,n,won
f,f,f,f,f,t,f,f,f,f,f,f,l,f,n,f,f,f,f,f,f,f,f,t,f,f,f,f,f,f,f,f,f,f,t,n,won
f,f,f,f,t,t,f,f,f,f,f,f,l,f,n,f,f,f,f,f,f,f,f,t,f,f,f,f,f,f,f,f,f,f,t,n,won
f,f,f,t,t,t,f,f,f,f,f,f,l,f,n,f,f,f,f,f,f,f,f,t,f,f,f,f,f,f,f,f,f,f,t,n,won
f,f,f,f,f,t,f,f,f,f,f,f,l,f,n,f,f,f,f,f,f,f,f,t,f,f,f,f,f,f,f,f,t,f,t,n,won
f,f,f,f,t,t,f,f,f,f,f,f,l,f,n,f,f,f,f,f,f,f,f,t,f,f,f,f,f,f,f,f,t,f,t,n,won
f,f,f,f,f,t,f,f,t,f,f,f,l,f,n,f,f,f,f,f,f,t,f,t,f,f,f,f,f,f,f,f,f,f,t,n,won
f,f,f,f,t,t,t,t,t,f,f,f,l,f,n,f,f,t,f,f,f,f,f,f,f,f,f,f,f,f,f,f,f,t,t,n,won
f,f,f,f,t,t,t,t,t,f,f,f,l,f,n,f,f,t,f,f,f,f,f,f,f,f,f,f,f,f,f,f,f,f,t,n,won
f,f,f,f,t,t,t,t,t,f,f,f,l,f,n,f,f,t,f,f,f,t,f,f,f,f,f,f,f,f,f,f,f,t,t,n,won
f,f,f,f,t,t,t,t,t,f,f,f,l,f,n,f,f,t,f,f,f,f,f,t,f,f,f,f,f,f,f,f,f,t,t,n,won
f,f,f,f,t,t,t,t,t,f,f,f,l,f,n,f,f,f,f,f,f,f,f,f,f,f,f,f,f,f,f,f,f,f,t,n,won
f,f,f,f,f,f,f,f,f,f,f,f,g,f,n,f,f,t,f,f,f,f,f,f,f,t,f,f,f,f,f,f,f,t,t,n,won
f,f,f,f,t,f,f,f,f,f,f,f,g,f,n,f,f,t,f,f,f,f,f,f,f,t,f,f,f,f,f,f,f,t,t,n,won
f,f,f,f,t,f,t,f,f,f,f,f,g,f,n,f,f,t,f,f,f,f,f,f,f,t,f,f,f,f,f,f,f,t,t,n,won
f,f,f,f,f,f,f,f,t,f,f,f,g,f,n,f,f,t,f,f,f,t,f,f,f,t,f,f,f,f,f,f,f,t,t,n,won
f,f,f,f,t,f,f,f,t,f,f,f,g,f,n,f,f,t,f,f,f,t,f,f,f,t,f,f,f,f,f,f,f,t,t,n,won
f,f,f,f,f,f,f,f,f,f,f,f,g,f,n,f,f,t,f,f,f,f,f,t,f,t,f,f,f,f,f,f,f,t,t,n,won
f,f,f,f,t,f,f,f,f,f,f,f,g,f,n,f,f,t,f,f,f,f,f,t,f,t,f,f,f,f,f,f,f,t,t,n,won
f,f,f,f,f,f,f,f,f,f,f,f,g,f,n,f,f,t,f,f,f,f,f,t,f,t,f,f,f,t,f,f,f,t,t,n,won
f,f,f,f,t,f,t,f,f,f,f,f,g,f,n,f,f,t,f,f,f,f,f,t,f,t,f,f,f,f,f,f,f,t,t,n,won
f,f,f,f,f,f,f,f,t,f,f,f,g,f,n,f,f,t,f,f,f,t,f,t,f,t,f,f,f,f,f,f,f,t,t,n,won
f,f,f,f,t,f,f,f,t,f,f,f,g,f,n,f,f,t,f,f,f,t,f,t,f,t,f,f,f,f,f,f,f,t,t,n,won
f,f,f,f,f,f,t,f,t,f,f,f,g,f,n,f,f,t,f,f,f,t,f,t,f,t,f,f,f,f,f,f,f,t,t,n,won
f,f,f,f,f,f,f,f,f,f,t,f,g,f,n,f,f,t,f,f,f,f,f,f,f,t,f,f,f,f,f,f,f,t,t,n,won
f,f,f,f,t,f,f,f,f,f,t,f,g,f,n,f,f,t,f,f,f,f,f,f,f,t,f,f,f,f,f,f,f,t,t,n,won
f,f,f,t,t,f,f,f,f,f,t,f,g,f,n,f,f,t,f,f,f,f,f,f,f,t,f,f,f,f,f,f,f,t,t,n,won
f,f,f,f,f,f,t,f,f,f,t,f,g,f,n,f,f,t,f,f,f,f,f,f,f,t,f,f,f,f,f,f,f,t,t,n,won
f,f,f,f,t,f,t,f,f,f,t,f,g,f,n,f,f,t,f,f,f,f,f,f,f,t,f,f,f,f,f,f,f,t,t,n,won
f,f,f,f,f,f,f,f,t,f,t,f,g,f,n,f,f,t,f,f,f,t,f,f,f,t,f,f,f,f,f,f,f,t,t,n,won
f,f,f,f,t,f,f,f,t,f,t,f,g,f,n,f,f,t,f,f,f,t,f,f,f,t,f,f,f,f,f,f,f,t,t,n,won
f,f,f,t,t,f,f,f,t,f,t,f,g,f,n,f,f,t,f,f,f,t,f,f,f,t,f,f,f,f,f,f,f,t,t,n,won
f,f,f,f,f,f,f,f,f,f,t,f,g,f,n,f,f,t,f,f,f,f,f,t,f,t,f,f,f,f,f,f,f,t,t,n,won
f,f,f,f,f,f,f,f,f,f,t,f,g,f,n,f,f,t,f,f,f,f,f,t,f,t,f,f,f,t,f,f,f,t,t,n,won
f,f,f,f,t,f,t,f,f,f,t,f,g,f,n,f,f,t,f,f,f,f,f,t,f,t,f,f,f,f,f,f,f,t,t,n,won
f,f,f,f,f,f,f,f,t,f,t,f,g,f,n,f,f,t,f,f,f,t,f,t,f,t,f,f,f,f,f,f,f,t,t,n,won
f,f,f,f,t,f,f,f,t,f,t,f,g,f,n,f,f,t,f,f,f,t,f,t,f,t,f,f,f,f,f,f,f,t,t,n,won
f,f,f,f,f,f,t,f,t,f,t,f,g,f,n,f,f,t,f,f,f,t,f,t,f,t,f,f,f,f,f,f,f,t,t,n,won
t,f,f,f,f,f,f,f,f,f,t,f,g,f,n,f,f,t,f,f,f,f,f,f,f,t,f,f,f,f,f,f,f,t,t,n,won
t,f,f,f,f,f,f,f,f,f,t,f,g,f,n,f,f,t,f,f,f,f,f,t,f,t,f,f,f,f,f,f,f,t,t,n,won
t,f,f,f,f,f,f,f,f,f,t,f,g,f,n,f,f,t,f,f,f,f,f,t,f,t,f,f,f,t,f,f,f,t,t,n,won
t,f,f,f,t,f,t,f,f,f,t,f,g,f,n,f,f,t,f,f,f,f,f,t,f,t,f,f,f,f,f,f,f,t,t,n,won
t,f,f,f,f,f,f,f,f,f,t,f,g,f,n,f,f,t,f,f,f,f,f,f,f,t,f,f,f,f,f,f,f,t,f,n,won
t,f,f,f,f,f,f,f,f,f,t,f,g,f,n,f,f,t,f,f,f,f,f,t,f,t,f,f,f,f,f,f,f,t,f,n,won
t,f,f,f,f,f,f,f,f,f,t,f,g,f,b,f,f,t,f,f,f,f,f,f,f,t,f,f,f,f,f,f,f,t,t,n,won
t,f,f,f,f,f,t,f,f,f,t,f,g,f,b,f,f,t,f,f,f,f,f,f,f,t,f,f,f,f,f,f,f,t,t,n,won
t,f,f,f,f,f,f,f,f,f,t,f,g,f,b,f,f,t,f,f,f,f,f,f,f,t,f,f,f,f,f,f,f,t,f,n,won
f,f,f,f,t,f,t,t,t,f,f,f,g,f,n,f,f,t,f,f,f,f,f,f,f,t,f,f,f,f,f,f,f,t,t,n,won
f,f,f,f,t,f,t,t,t,f,f,f,g,f,n,f,f,t,f,f,f,t,f,f,f,t,f,f,f,f,f,f,f,t,t,n,won
f,f,f,f,t,f,t,t,t,f,f,f,g,f,n,f,f,t,f,f,f,f,f,t,f,t,f,f,f,f,f,f,f,t,t,n,won
f,f,f,f,f,f,t,t,t,f,t,f,g,f,n,f,f,t,f,f,f,f,f,f,f,t,f,f,f,f,f,f,f,t,t,n,won
f,f,f,f,t,f,t,t,t,f,t,f,g,f,n,f,f,t,f,f,f,f,f,f,f,t,f,f,f,f,f,f,f,t,t,n,won
f,f,f,f,f,f,t,t,t,f,t,f,g,f,n,f,f,t,f,f,f,t,f,f,f,t,f,f,f,f,f,f,f,t,t,n,won
f,f,f,f,t,f,t,t,t,f,t,f,g,f,n,f,f,t,f,f,f,f,f,t,f,t,f,f,f,f,f,f,f,t,t,n,won
f,f,f,f,f,f,t,t,t,f,t,f,g,f,n,f,f,t,f,f,f,t,f,t,f,t,f,f,f,f,f,f,f,t,t,n,won
f,f,f,f,f,f,f,f,f,f,t,f,g,f,n,f,t,t,f,f,f,f,t,f,f,t,f,f,f,f,f,f,f,t,t,n,won
f,f,f,f,f,t,f,f,f,f,f,f,g,f,n,f,f,t,f,f,f,f,f,f,f,t,f,f,f,f,f,f,f,t,t,n,won
f,f,f,f,f,t,f,f,f,f,f,f,g,f,n,f,f,t,f,f,f,f,f,f,f,t,f,f,f,f,f,f,f,f,t,n,won
f,f,f,t,f,t,f,f,f,f,f,f,g,f,n,f,f,t,f,f,f,f,f,f,f,t,f,f,f,f,f,f,f,f,t,n,won
f,f,f,f,t,t,f,f,f,f,f,f,g,f,n,f,f,t,f,f,f,f,f,f,f,t,f,f,f,f,f,f,f,t,t,n,won
f,f,f,f,t,t,f,f,f,f,f,f,g,f,n,f,f,t,f,f,f,f,f,f,f,t,f,f,f,f,f,f,f,f,t,n,won
f,f,f,t,t,t,f,f,f,f,f,f,g,f,n,f,f,t,f,f,f,f,f,f,f,t,f,f,f,f,f,f,f,t,t,n,won
f,f,f,t,t,t,f,f,f,f,f,f,g,f,n,f,f,t,f,f,f,f,f,f,f,t,f,f,f,f,f,f,f,f,t,n,won
f,f,f,f,f,t,t,f,f,f,f,f,g,f,n,f,f,t,f,f,f,f,f,f,f,t,f,f,f,f,f,f,f,t,t,n,won
f,f,f,f,t,t,t,f,f,f,f,f,g,f,n,f,f,t,f,f,f,f,f,f,f,t,f,f,f,f,f,f,f,t,t,n,won
f,f,f,f,f,t,f,f,f,f,f,f,g,f,n,f,f,t,f,f,f,f,f,f,f,t,f,f,f,f,f,f,t,f,t,n,won
f,f,f,f,t,t,f,f,f,f,f,f,g,f,n,f,f,t,f,f,f,f,f,f,f,t,f,f,f,f,f,f,t,f,t,n,won
f,f,f,f,f,t,f,f,t,f,f,f,g,f,n,f,f,t,f,f,f,t,f,f,f,t,f,f,f,f,f,f,f,t,t,n,won
f,f,f,f,t,t,f,f,t,f,f,f,g,f,n,f,f,t,f,f,f,t,f,f,f,t,f,f,f,f,f,f,f,t,t,n,won
f,f,f,t,t,t,f,f,t,f,f,f,g,f,n,f,f,t,f,f,f,t,f,f,f,t,f,f,f,f,f,f,f,t,t,n,won
f,f,f,f,f,t,t,f,t,f,f,f,g,f,n,f,f,t,f,f,f,t,f,f,f,t,f,f,f,f,f,f,f,t,t,n,won
f,f,f,f,t,t,t,f,t,f,f,f,g,f,n,f,f,t,f,f,f,t,f,f,f,t,f,f,f,f,f,f,f,t,t,n,won
f,f,f,f,f,t,f,f,f,f,f,f,g,f,n,f,f,t,f,f,f,f,f,t,f,t,f,f,f,f,f,f,f,t,t,n,won
f,f,f,f,f,t,f,f,f,f,f,f,g,f,n,f,f,t,f,f,f,f,f,t,f,t,f,f,f,f,f,f,f,f,t,n,won
f,f,t,f,f,t,f,f,f,f,f,f,g,f,n,f,f,t,f,f,f,f,f,t,f,t,f,f,f,f,f,f,f,f,t,n,won
f,f,f,t,f,t,f,f,f,f,f,f,g,f,n,f,f,t,f,f,f,f,f,t,f,t,f,f,f,f,f,f,f,f,t,n,won
f,f,f,f,t,t,t,f,f,f,f,f,g,f,n,f,f,t,f,f,f,f,f,t,f,t,f,f,f,f,f,f,f,t,t,n,won
f,f,t,f,t,t,t,f,f,f,f,f,g,f,n,f,f,t,f,f,f,f,f,t,f,t,f,f,f,f,f,f,f,f,t,n,won
f,f,f,f,f,t,f,f,f,f,f,f,g,f,n,f,f,t,f,f,f,f,f,t,f,t,f,f,f,f,f,f,t,f,t,n,won
f,f,f,f,f,t,f,f,t,f,f,f,g,f,n,f,f,t,f,f,f,t,f,t,f,t,f,f,f,f,f,f,f,t,t,n,won
f,f,f,f,t,t,t,f,t,f,f,f,g,f,n,f,f,t,f,f,f,t,f,t,f,t,f,f,f,f,f,f,f,t,t,n,won
f,f,f,f,f,t,f,f,f,f,t,f,g,f,n,f,f,t,f,f,f,f,f,f,f,t,f,f,f,f,f,f,f,t,t,n,won
f,f,f,t,f,t,f,f,f,f,t,f,g,f,n,f,f,t,f,f,f,f,f,f,f,t,f,f,f,f,f,f,f,t,t,n,won
f,f,f,t,f,t,f,f,f,f,t,f,g,f,n,f,f,t,f,f,f,f,f,f,f,t,f,f,f,f,f,f,f,f,t,n,won
f,f,f,f,t,t,f,f,f,f,t,f,g,f,n,f,f,t,f,f,f,f,f,f,f,t,f,f,f,f,f,f,f,t,t,n,won
f,f,f,f,f,t,t,f,f,f,t,f,g,f,n,f,f,t,f,f,f,f,f,f,f,t,f,f,f,f,f,f,f,t,t,n,won
f,f,f,f,t,t,t,f,f,f,t,f,g,f,n,f,f,t,f,f,f,f,f,f,f,t,f,f,f,f,f,f,f,t,t,n,won
f,f,f,f,f,t,f,f,t,f,t,f,g,f,n,f,f,t,f,f,f,t,f,f,f,t,f,f,f,f,f,f,f,t,t,n,won
f,f,f,t,f,t,f,f,t,f,t,f,g,f,n,f,f,t,f,f,f,t,f,f,f,t,f,f,f,f,f,f,f,t,t,n,won
f,f,f,f,t,t,f,f,t,f,t,f,g,f,n,f,f,t,f,f,f,t,f,f,f,t,f,f,f,f,f,f,f,t,t,n,won
f,f,f,f,f,t,t,f,t,f,t,f,g,f,n,f,f,t,f,f,f,t,f,f,f,t,f,f,f,f,f,f,f,t,t,n,won
f,f,f,f,t,t,t,f,t,f,t,f,g,f,n,f,f,t,f,f,f,t,f,f,f,t,f,f,f,f,f,f,f,t,t,n,won
f,f,f,f,f,t,f,f,f,f,t,f,g,f,n,f,f,t,f,f,f,f,f,t,f,t,f,f,f,f,f,f,f,t,t,n,won
f,f,f,f,f,t,t,f,f,f,t,f,g,f,n,f,f,t,f,f,f,f,f,t,f,t,f,f,f,f,f,f,f,t,t,n,won
f,f,f,f,t,t,t,f,f,f,t,f,g,f,n,f,f,t,f,f,f,f,f,t,f,t,f,f,f,f,f,f,f,t,t,n,won
f,f,f,f,f,t,f,f,t,f,t,f,g,f,n,f,f,t,f,f,f,t,f,t,f,t,f,f,f,f,f,f,f,t,t,n,won
f,f,f,f,f,t,t,f,t,f,t,f,g,f,n,f,f,t,f,f,f,t,f,t,f,t,f,f,f,f,f,f,f,t,t,n,won
f,f,f,f,t,t,t,f,t,f,t,f,g,f,n,f,f,t,f,f,f,t,f,t,f,t,f,f,f,f,f,f,f,t,t,n,won
f,f,f,f,f,t,f,f,f,f,t,f,g,f,n,f,f,t,f,f,f,f,f,f,f,t,f,f,f,f,f,f,f,t,f,n,won
f,f,f,f,f,t,t,f,f,f,t,f,g,f,n,f,f,t,f,f,f,f,f,f,f,t,f,f,f,f,f,f,f,t,f,n,won
f,f,f,f,t,t,t,f,f,f,t,f,g,f,n,f,f,t,f,f,f,f,f,f,f,t,f,f,f,f,f,f,f,t,f,n,won
f,f,f,f,f,t,f,f,t,f,t,f,g,f,n,f,f,t,f,f,f,t,f,f,f,t,f,f,f,f,f,f,f,t,f,n,won
f,f,f,f,f,t,t,f,t,f,t,f,g,f,n,f,f,t,f,f,f,t,f,f,f,t,f,f,f,f,f,f,f,t,f,n,won
f,f,f,f,f,t,f,f,f,f,t,f,g,f,n,f,f,t,f,f,f,f,f,t,f,t,f,f,f,f,f,f,f,t,f,n,won
f,f,f,f,f,t,t,f,f,f,t,f,g,f,n,f,f,t,f,f,f,f,f,t,f,t,f,f,f,f,f,f,f,t,f,n,won
f,f,f,f,t,t,t,f,f,f,t,f,g,f,n,f,f,t,f,f,f,f,f,t,f,t,f,f,f,f,f,f,f,t,f,n,won
f,f,f,f,f,t,f,f,f,f,t,f,g,f,b,f,f,t,f,f,f,f,f,f,f,t,f,f,f,f,f,f,f,t,t,n,won
f,f,f,f,t,t,f,f,f,f,t,f,g,f,b,f,f,t,f,f,f,f,f,f,f,t,f,f,f,f,f,f,f,t,t,n,won
f,f,f,f,f,t,t,f,f,f,t,f,g,f,b,f,f,t,f,f,f,f,f,f,f,t,f,f,f,f,f,f,f,t,t,n,won
f,f,f,f,t,t,f,f,t,f,t,f,g,f,b,f,f,t,f,f,f,t,f,f,f,t,f,f,f,f,f,f,f,t,t,n,won
t,f,f,f,f,t,f,f,f,f,t,f,g,f,n,f,f,t,f,f,f,f,f,f,f,t,f,f,f,f,f,f,f,t,t,n,won
t,f,f,f,f,t,t,f,f,f,t,f,g,f,n,f,f,t,f,f,f,f,f,f,f,t,f,f,f,f,f,f,f,t,t,n,won
t,f,f,f,f,t,f,f,f,f,t,f,g,f,n,f,f,t,f,f,f,f,f,t,f,t,f,f,f,f,f,f,f,t,t,n,won
t,f,f,f,f,t,t,f,f,f,t,f,g,f,n,f,f,t,f,f,f,f,f,t,f,t,f,f,f,f,f,f,f,t,t,n,won
t,f,f,f,t,t,t,f,f,f,t,f,g,f,n,f,f,t,f,f,f,f,f,t,f,t,f,f,f,f,f,f,f,t,t,n,won
t,f,f,f,f,t,f,f,f,f,t,f,g,f,n,f,f,t,f,f,f,f,f,f,f,t,f,f,f,f,f,f,f,t,f,n,won
t,f,f,f,f,t,t,f,f,f,t,f,g,f,n,f,f,t,f,f,f,f,f,f,f,t,f,f,f,f,f,f,f,t,f,n,won
t,f,f,f,f,t,f,f,f,f,t,f,g,f,n,f,f,t,f,f,f,f,f,t,f,t,f,f,f,f,f,f,f,t,f,n,won
t,f,f,f,f,t,f,f,f,f,t,f,g,f,b,f,f,t,f,f,f,f,f,f,f,t,f,f,f,f,f,f,f,t,t,n,won
t,f,f,f,f,t,t,f,f,f,t,f,g,f,b,f,f,t,f,f,f,f,f,f,f,t,f,f,f,f,f,f,f,t,t,n,won
t,f,f,f,f,t,f,f,f,f,t,f,g,f,b,f,f,t,f,f,f,f,f,t,f,t,f,f,f,f,f,f,f,t,t,n,won
f,f,f,f,t,t,f,f,f,f,f,f,g,f,n,f,f,f,f,f,f,f,f,t,f,t,f,f,f,f,f,f,f,f,t,n,won
f,f,f,t,t,t,f,f,f,f,f,f,g,f,n,f,f,f,f,f,f,f,f,t,f,t,f,f,f,f,f,f,f,f,t,n,won
f,f,f,f,t,t,f,f,f,f,f,f,g,f,n,f,f,f,f,f,f,f,f,t,f,t,f,f,f,f,f,f,t,f,t,n,won
f,f,f,t,f,t,f,f,f,f,t,f,g,f,n,f,f,f,f,f,f,f,f,t,f,t,f,f,f,f,f,f,f,f,t,n,won
f,f,f,f,f,t,t,t,t,f,f,f,g,f,n,f,f,t,f,f,f,f,f,f,f,t,f,f,f,f,f,f,f,t,t,n,won
f,f,f,f,t,t,t,t,t,f,f,f,g,f,n,f,f,t,f,f,f,f,f,f,f,t,f,f,f,f,f,f,f,t,t,n,won
f,f,f,f,t,t,t,t,t,f,f,f,g,f,n,f,f,t,f,f,f,f,f,f,f,t,f,f,f,f,f,f,f,f,t,n,won
f,f,f,f,f,t,t,t,t,f,f,f,g,f,n,f,f,t,f,f,f,t,f,f,f,t,f,f,f,f,f,f,f,t,t,n,won
f,f,f,f,t,t,t,t,t,f,f,f,g,f,n,f,f,t,f,f,f,t,f,f,f,t,f,f,f,f,f,f,f,t,t,n,won
f,f,f,f,t,t,t,t,t,f,f,f,g,f,n,f,f,t,f,f,f,f,f,t,f,t,f,f,f,f,f,f,f,t,t,n,won
f,f,f,f,f,t,t,t,t,f,t,f,g,f,n,f,f,t,f,f,f,f,f,f,f,t,f,f,f,f,f,f,f,t,t,n,won
f,f,f,f,f,t,t,t,t,f,t,f,g,f,n,f,f,t,f,f,f,t,f,f,f,t,f,f,f,f,f,f,f,t,t,n,won
f,f,f,f,f,t,t,t,t,f,t,f,g,f,n,f,f,t,f,f,f,f,f,t,f,t,f,f,f,f,f,f,f,t,t,n,won
f,f,f,f,f,t,t,t,t,f,t,f,g,f,n,f,f,t,f,f,f,f,f,f,f,t,f,f,f,f,f,f,f,t,f,n,won
f,f,f,f,f,t,t,t,t,f,t,f,g,f,n,f,f,t,f,f,f,f,f,t,f,t,f,f,f,f,f,f,f,t,f,n,won
f,f,f,f,f,t,f,f,f,f,f,f,g,f,n,f,f,t,f,f,f,f,t,f,f,t,f,f,f,f,f,f,f,t,t,n,won
f,f,f,f,f,t,f,f,t,f,f,f,g,f,n,f,f,t,f,f,f,t,t,f,f,t,f,f,f,f,f,f,f,t,t,n,won
f,f,f,f,f,t,f,f,f,f,f,f,g,f,n,f,f,t,f,f,f,f,t,t,f,t,f,f,f,f,f,f,f,t,t,n,won
f,f,f,f,f,t,f,f,f,f,t,f,g,f,n,f,f,t,f,f,f,f,t,f,f,t,f,f,f,f,f,f,f,t,t,n,won
f,f,f,f,f,t,f,f,t,f,t,f,g,f,n,f,f,t,f,f,f,t,t,f,f,t,f,f,f,f,f,f,f,t,t,n,won
f,f,f,f,f,t,f,f,f,f,t,f,g,f,b,f,f,t,f,f,f,f,t,f,f,t,f,f,f,f,f,f,f,t,t,n,won
f,f,f,f,f,t,f,f,f,f,t,f,g,f,n,f,t,t,f,f,f,f,t,f,f,t,f,f,f,f,f,f,f,t,t,n,won
f,f,f,f,f,f,f,f,f,f,f,f,g,f,n,f,f,t,f,f,f,f,f,f,f,f,f,f,f,f,f,f,f,t,t,n,won
f,f,f,f,t,f,f,f,f,f,f,f,g,f,n,f,f,t,f,f,f,f,f,f,f,f,f,f,f,f,f,f,f,t,t,n,won
f,f,f,f,t,f,t,f,f,f,f,f,g,f,n,f,f,t,f,f,f,f,f,f,f,f,f,f,f,f,f,f,f,t,t,n,won
f,f,f,f,f,f,f,f,t,f,f,f,g,f,n,f,f,t,f,f,f,t,f,f,f,f,f,f,f,f,f,f,f,t,t,n,won
f,f,f,f,t,f,f,f,t,f,f,f,g,f,n,f,f,t,f,f,f,t,f,f,f,f,f,f,f,f,f,f,f,t,t,n,won
f,f,f,f,f,f,f,f,f,f,f,f,g,f,n,f,f,t,f,f,f,f,f,t,f,f,f,f,f,f,f,f,f,t,t,n,won
f,f,f,f,t,f,f,f,f,f,f,f,g,f,n,f,f,t,f,f,f,f,f,t,f,f,f,f,f,f,f,f,f,t,t,n,won
f,f,f,f,f,f,f,f,f,f,f,f,g,f,n,f,f,t,f,f,f,f,f,t,f,f,f,f,f,t,f,f,f,t,t,n,won
f,f,f,f,t,f,t,f,f,f,f,f,g,f,n,f,f,t,f,f,f,f,f,t,f,f,f,f,f,f,f,f,f,t,t,n,won
f,f,f,f,f,f,f,f,t,f,f,f,g,f,n,f,f,t,f,f,f,t,f,t,f,f,f,f,f,f,f,f,f,t,t,n,won
f,f,f,f,t,f,f,f,t,f,f,f,g,f,n,f,f,t,f,f,f,t,f,t,f,f,f,f,f,f,f,f,f,t,t,n,won
f,f,f,f,f,f,t,f,t,f,f,f,g,f,n,f,f,t,f,f,f,t,f,t,f,f,f,f,f,f,f,f,f,t,t,n,won
f,f,f,f,f,f,f,f,f,f,f,f,g,f,n,f,t,t,f,f,f,f,f,f,f,f,f,f,f,f,f,f,f,t,t,n,won
f,f,f,f,f,f,f,f,t,f,f,f,g,f,n,f,t,t,f,f,f,t,f,f,f,f,f,f,f,f,f,f,f,t,t,n,won
f,f,f,f,f,f,f,f,f,f,f,f,g,f,n,f,t,t,f,f,f,f,f,t,f,f,f,f,f,f,f,f,f,t,t,n,won
f,f,f,f,t,f,t,t,t,f,f,f,g,f,n,f,f,t,f,f,f,f,f,f,f,f,f,f,f,f,f,f,f,t,t,n,won
f,f,f,f,t,f,t,t,t,f,f,f,g,f,n,f,f,t,f,f,f,f,f,t,f,f,f,f,f,f,f,f,f,t,t,n,won
f,f,f,f,f,t,f,f,f,f,f,f,g,f,n,f,f,t,f,f,f,f,f,f,f,f,f,f,f,f,f,f,f,t,t,n,won
f,f,f,f,f,t,f,f,f,f,f,f,g,f,n,f,f,t,f,f,f,f,f,f,f,f,f,f,f,f,f,f,f,f,t,n,won
f,f,f,t,f,t,f,f,f,f,f,f,g,f,n,f,f,t,f,f,f,f,f,f,f,f,f,f,f,f,f,f,f,f,t,n,won
f,f,f,f,t,t,f,f,f,f,f,f,g,f,n,f,f,t,f,f,f,f,f,f,f,f,f,f,f,f,f,f,f,t,t,n,won
f,f,f,f,t,t,f,f,f,f,f,f,g,f,n,f,f,t,f,f,f,f,f,f,f,f,f,f,f,f,f,f,f,f,t,n,won
f,f,f,t,t,t,f,f,f,f,f,f,g,f,n,f,f,t,f,f,f,f,f,f,f,f,f,f,f,f,f,f,f,t,t,n,won
f,f,f,t,t,t,f,f,f,f,f,f,g,f,n,f,f,t,f,f,f,f,f,f,f,f,f,f,f,f,f,f,f,f,t,n,won
f,f,f,f,t,t,t,f,f,f,f,f,g,f,n,f,f,t,f,f,f,f,f,f,f,f,f,f,f,f,f,f,f,t,t,n,won
f,f,f,f,t,t,f,f,f,f,f,f,g,f,n,f,f,t,f,f,f,f,f,f,f,f,f,f,f,f,f,f,t,f,t,n,won
f,f,f,f,f,t,f,f,t,f,f,f,g,f,n,f,f,t,f,f,f,t,f,f,f,f,f,f,f,f,f,f,f,t,t,n,won
f,f,f,f,t,t,f,f,t,f,f,f,g,f,n,f,f,t,f,f,f,t,f,f,f,f,f,f,f,f,f,f,f,t,t,n,won
f,f,f,f,f,t,t,f,t,f,f,f,g,f,n,f,f,t,f,f,f,t,f,f,f,f,f,f,f,f,f,f,f,t,t,n,won
f,f,f,f,t,t,t,f,t,f,f,f,g,f,n,f,f,t,f,f,f,t,f,f,f,f,f,f,f,f,f,f,f,t,t,n,won
f,f,f,f,f,t,f,f,f,f,f,f,g,f,n,f,f,t,f,f,f,f,f,t,f,f,f,f,f,f,f,f,f,t,t,n,won
f,f,f,f,f,t,f,f,f,f,f,f,g,f,n,f,f,t,f,f,f,f,f,t,f,f,f,f,f,f,f,f,f,f,t,n,won
f,f,t,f,f,t,f,f,f,f,f,f,g,f,n,f,f,t,f,f,f,f,f,t,f,f,f,f,f,f,f,f,f,f,t,n,won
f,f,f,t,f,t,f,f,f,f,f,f,g,f,n,f,f,t,f,f,f,f,f,t,f,f,f,f,f,f,f,f,f,f,t,n,won
f,f,f,f,t,t,t,f,f,f,f,f,g,f,n,f,f,t,f,f,f,f,f,t,f,f,f,f,f,f,f,f,f,t,t,n,won
f,f,f,f,f,t,f,f,t,f,f,f,g,f,n,f,f,t,f,f,f,t,f,t,f,f,f,f,f,f,f,f,f,t,t,n,won
f,f,f,f,t,t,t,f,t,f,f,f,g,f,n,f,f,t,f,f,f,t,f,t,f,f,f,f,f,f,f,f,f,t,t,n,won
f,f,f,f,t,t,f,f,f,f,f,f,g,f,n,f,f,f,f,f,f,f,f,t,f,f,f,f,f,f,f,f,f,f,t,n,won
f,f,f,f,t,t,f,f,f,f,f,f,g,f,n,f,f,f,f,f,f,f,f,t,f,f,f,f,f,f,f,f,t,f,t,n,won
f,f,f,f,t,t,t,t,t,f,f,f,g,f,n,f,f,t,f,f,f,f,f,f,f,f,f,f,f,f,f,f,f,t,t,n,won
f,f,f,f,t,t,t,t,t,f,f,f,g,f,n,f,f,t,f,f,f,f,f,f,f,f,f,f,f,f,f,f,f,f,t,n,won
f,f,f,f,t,t,t,t,t,f,f,f,g,f,n,f,f,t,f,f,f,f,f,t,f,f,f,f,f,f,f,f,f,t,t,n,won
f,f,f,f,f,t,f,f,f,f,f,f,g,f,n,f,f,t,f,f,f,f,t,f,f,f,f,f,f,f,f,f,f,t,t,n,won
f,f,f,f,f,t,f,f,t,f,f,f,g,f,n,f,f,t,f,f,f,t,t,f,f,f,f,f,f,f,f,f,f,t,t,n,won
f,f,f,f,f,t,f,f,f,f,f,f,g,f,n,f,f,t,f,f,f,f,t,t,f,f,f,f,f,f,f,f,f,t,t,n,won
f,f,f,f,f,f,f,f,f,f,f,t,l,f,n,f,f,t,f,f,f,f,f,f,f,t,f,f,f,f,f,f,f,t,t,n,won
f,f,f,f,f,f,f,f,t,f,f,t,l,f,n,f,f,t,f,f,f,t,f,f,f,t,f,f,f,f,f,f,f,t,t,n,won
f,f,f,f,f,f,f,f,t,f,t,t,l,f,w,f,f,t,f,f,f,t,f,f,f,t,f,f,f,f,f,f,f,t,t,n,won
f,f,f,f,f,f,f,f,f,f,t,t,l,f,w,f,f,t,f,f,f,f,f,f,f,t,f,f,f,f,f,f,f,t,f,n,won
f,f,f,f,f,f,f,f,f,f,f,t,l,f,n,f,f,f,f,f,f,f,f,f,f,t,f,f,f,f,f,f,f,t,t,n,won
f,f,f,f,f,f,f,f,f,f,f,t,l,f,n,f,f,f,f,f,f,f,f,f,f,t,f,f,f,f,f,f,f,f,t,n,won
f,f,f,f,f,f,f,f,f,f,f,t,l,f,n,f,f,f,f,f,f,f,f,t,f,t,f,f,f,f,f,f,f,f,t,n,won
f,f,f,f,f,f,f,f,f,f,t,t,l,f,w,f,f,f,f,f,f,f,f,f,f,t,f,f,f,f,f,f,f,t,t,n,won
f,f,f,f,f,f,f,f,f,f,t,t,l,f,w,f,f,f,f,f,f,f,f,f,f,t,f,f,f,f,f,f,f,t,f,n,won
f,f,f,f,f,f,f,f,f,f,t,t,l,f,w,f,t,t,f,f,f,f,f,f,f,t,f,f,f,f,f,f,f,t,t,n,won
f,f,f,f,f,t,f,f,f,f,f,t,l,f,n,f,f,t,f,f,f,f,f,f,f,t,f,f,f,f,f,f,f,t,t,n,won
f,f,f,f,f,t,f,f,t,f,f,t,l,f,n,f,f,t,f,f,f,t,f,f,f,t,f,f,f,f,f,f,f,t,t,n,won
f,f,f,f,f,t,t,f,f,f,t,t,l,f,w,f,f,t,f,f,f,f,f,f,f,t,f,f,f,f,f,f,f,t,f,n,won
f,f,f,f,f,t,f,f,f,f,f,t,l,f,n,f,f,f,f,f,f,f,f,f,f,t,f,f,f,f,f,f,f,t,t,n,won
f,f,f,f,f,t,f,f,f,f,f,t,l,f,n,f,f,f,f,f,f,f,f,f,f,t,f,f,f,f,f,f,f,f,t,n,won
f,f,f,f,f,t,f,f,f,f,f,t,l,f,n,f,f,f,f,f,f,f,f,t,f,t,f,f,f,f,f,f,f,f,t,n,won
f,f,f,f,f,f,f,f,f,f,f,t,l,f,n,f,f,t,f,f,f,f,f,f,f,f,f,f,f,f,f,f,f,t,t,n,won
f,f,f,f,f,f,f,f,t,f,f,t,l,f,n,f,f,t,f,f,f,t,f,f,f,f,f,f,f,f,f,f,f,t,t,n,won
f,f,f,f,f,f,f,f,f,f,f,t,l,f,n,f,f,t,f,f,f,f,f,t,f,f,f,f,f,f,f,f,f,t,t,n,won
f,f,f,f,f,f,f,f,f,f,f,t,l,f,n,f,f,t,f,f,f,f,f,t,f,f,f,f,f,t,f,f,f,t,t,n,won
f,f,f,f,f,f,f,f,t,f,f,t,l,f,n,f,f,t,f,f,f,t,f,t,f,f,f,f,f,f,f,f,f,t,t,n,won
f,f,f,f,f,f,f,f,f,f,f,t,l,f,n,f,f,f,f,f,f,f,f,f,f,f,f,f,f,f,f,f,f,t,t,n,won
f,f,f,f,f,f,f,f,t,f,f,t,l,f,n,f,f,f,f,f,f,t,f,f,f,f,f,f,f,f,f,f,f,t,t,n,won
f,f,f,f,f,t,f,f,f,f,f,t,l,f,n,f,f,t,f,f,f,f,f,f,f,f,f,f,f,f,f,f,f,t,t,n,won
f,f,f,f,f,t,f,f,t,f,f,t,l,f,n,f,f,t,f,f,f,t,f,f,f,f,f,f,f,f,f,f,f,t,t,n,won
f,f,f,f,f,t,f,f,f,f,f,t,l,f,n,f,f,t,f,f,f,f,f,t,f,f,f,f,f,f,f,f,f,t,t,n,won
f,f,f,f,f,t,f,f,f,f,f,t,l,f,n,f,f,f,f,f,f,f,f,f,f,f,f,f,f,f,f,f,f,t,t,n,won
f,f,f,f,f,f,f,f,f,f,f,t,g,f,n,f,f,t,f,f,f,f,f,f,f,t,f,f,f,f,f,f,f,t,t,n,won
f,f,f,f,f,f,f,f,t,f,f,t,g,f,n,f,f,t,f,f,f,t,f,f,f,t,f,f,f,f,f,f,f,t,t,n,won
f,f,f,f,f,f,f,f,f,f,f,t,g,f,n,f,f,t,f,f,f,f,f,t,f,t,f,f,f,f,f,f,f,t,t,n,won
f,f,f,f,f,t,f,f,f,f,f,t,g,f,n,f,f,t,f,f,f,f,f,f,f,t,f,f,f,f,f,f,f,t,t,n,won
f,f,f,f,f,t,f,f,t,f,f,t,g,f,n,f,f,t,f,f,f,t,f,f,f,t,f,f,f,f,f,f,f,t,t,n,won
f,f,f,f,f,t,f,f,f,f,f,t,g,f,n,f,f,t,f,f,f,f,f,t,f,t,f,f,f,f,f,f,f,t,t,n,won
f,f,f,f,f,f,f,f,f,f,f,t,g,f,n,f,f,t,f,f,f,f,f,f,f,f,f,f,f,f,f,f,f,t,t,n,won
f,f,f,f,f,f,f,f,t,f,f,t,g,f,n,f,f,t,f,f,f,t,f,f,f,f,f,f,f,f,f,f,f,t,t,n,won
f,f,f,f,f,f,f,f,f,f,f,t,g,f,n,f,f,t,f,f,f,f,f,t,f,f,f,f,f,f,f,f,f,t,t,n,won
f,f,f,f,f,t,f,f,f,f,f,t,g,f,n,f,f,t,f,f,f,f,f,f,f,f,f,f,f,f,f,f,f,t,t,n,won
f,f,f,f,f,t,f,f,t,f,f,t,g,f,n,f,f,t,f,f,f,t,f,f,f,f,f,f,f,f,f,f,f,t,t,n,won
f,f,f,f,f,t,f,f,f,f,f,t,g,f,n,f,f,t,f,f,f,f,f,t,f,f,f,f,f,f,f,f,f,t,t,n,won
f,f,f,f,f,f,f,f,f,f,f,f,l,f,n,f,f,t,f,f,f,f,f,f,f,t,f,f,f,f,f,f,f,t,t,t,won
f,f,f,f,t,f,t,f,f,f,f,f,l,f,n,f,f,t,f,f,f,f,f,f,f,t,f,f,f,f,f,f,f,t,t,t,won
f,f,f,f,f,f,f,f,f,f,f,f,l,f,n,f,f,t,f,f,f,f,f,t,f,t,f,f,f,f,f,f,f,t,t,t,won
f,f,f,f,f,f,f,f,f,f,f,f,l,f,n,f,f,t,f,f,f,f,f,t,f,t,f,f,f,t,f,f,f,t,t,t,won
f,f,f,f,f,f,f,f,f,f,f,f,l,f,n,f,f,f,f,f,f,f,f,f,f,t,f,f,f,f,f,f,f,t,t,t,won
f,f,f,f,f,f,f,f,f,f,f,f,l,f,n,f,f,f,f,f,f,f,f,f,f,t,f,f,f,f,f,f,f,f,t,t,won
f,t,f,f,f,f,f,f,f,f,f,f,l,f,n,f,f,f,f,f,f,f,f,f,f,t,f,f,f,f,f,f,f,f,t,t,won
f,f,f,f,t,f,t,f,f,f,f,f,l,f,n,f,f,f,f,f,f,f,f,f,f,t,f,f,f,f,f,f,f,f,t,t,won
f,f,f,f,f,f,f,f,f,f,f,f,l,f,n,f,f,f,f,f,f,f,f,f,f,t,f,f,f,f,f,f,t,f,t,t,won
f,f,f,f,f,f,f,f,f,f,f,f,l,f,n,f,f,f,f,f,f,f,f,t,f,t,f,f,f,f,f,f,f,t,t,t,won
f,f,f,f,f,f,f,f,f,f,f,f,l,f,n,f,f,f,f,f,f,f,f,t,f,t,f,f,f,f,f,f,f,f,t,t,won
f,f,f,f,f,f,f,f,f,f,f,f,l,f,n,f,f,f,f,f,f,f,f,t,f,t,f,f,f,t,f,f,f,f,t,t,won
f,f,f,f,f,f,f,f,f,f,f,f,l,f,n,f,f,f,f,f,f,f,f,t,f,t,f,f,f,f,f,f,t,f,t,t,won
f,f,f,f,t,f,t,t,t,f,f,f,l,f,n,f,f,t,f,f,f,f,f,f,f,t,f,f,f,f,f,f,f,t,t,t,won
f,f,f,f,t,f,t,t,t,f,f,f,l,f,n,f,f,f,f,f,f,f,f,f,f,t,f,f,f,f,f,f,f,f,t,t,won
f,f,f,f,f,t,f,f,f,f,f,f,l,f,n,f,f,t,f,f,f,f,f,f,f,t,f,f,f,f,f,f,f,t,t,t,won
f,f,f,f,f,t,f,f,f,f,f,f,l,f,n,f,f,t,f,f,f,f,f,f,f,t,f,f,f,f,f,f,f,f,t,t,won
f,f,f,f,f,t,t,f,f,f,f,f,l,f,n,f,f,t,f,f,f,f,f,f,f,t,f,f,f,f,f,f,f,f,t,t,won
f,f,f,f,t,t,t,f,f,f,f,f,l,f,n,f,f,t,f,f,f,f,f,f,f,t,f,f,f,f,f,f,f,t,t,t,won
f,f,f,f,t,t,t,f,f,f,f,f,l,f,n,f,f,t,f,f,f,f,f,f,f,t,f,f,f,f,f,f,f,f,t,t,won
f,f,f,f,f,t,f,f,f,f,f,f,l,f,n,f,f,t,f,f,f,f,f,t,f,t,f,f,f,f,f,f,f,t,t,t,won
f,f,f,f,f,t,f,f,f,f,f,f,l,f,n,f,f,f,f,f,f,f,f,f,f,t,f,f,f,f,f,f,f,f,t,t,won
f,f,f,f,f,t,f,f,f,f,f,f,l,f,n,f,f,f,f,f,f,f,f,f,f,t,f,f,f,f,f,f,t,f,t,t,won
f,f,f,f,t,t,f,f,f,f,f,f,l,f,n,f,f,f,f,f,f,f,f,f,f,t,f,f,f,f,f,f,t,f,t,t,won
f,f,f,f,f,t,f,f,f,f,f,f,l,f,n,f,f,f,f,f,f,f,f,t,f,t,f,f,f,f,f,f,f,t,t,t,won
f,f,f,f,f,t,f,f,f,f,f,f,l,f,n,f,f,f,f,f,f,f,f,t,f,t,f,f,f,f,f,f,f,f,t,t,won
f,t,f,f,f,t,f,f,f,f,f,f,l,f,n,f,f,f,f,f,f,f,f,t,f,t,f,f,f,f,f,f,f,f,t,t,won
f,f,t,f,f,t,f,f,f,f,f,f,l,f,n,f,f,f,f,f,f,f,f,t,f,t,f,f,f,f,f,f,f,f,t,t,won
f,f,f,t,f,t,f,f,f,f,f,f,l,f,n,f,f,f,f,f,f,f,f,t,f,t,f,f,f,f,f,f,f,f,t,t,won
f,f,f,f,f,t,t,f,f,f,f,f,l,f,n,f,f,f,f,f,f,f,f,t,f,t,f,f,f,f,f,f,f,f,t,t,won
f,f,f,f,t,t,t,f,f,f,f,f,l,f,n,f,f,f,f,f,f,f,f,t,f,t,f,f,f,f,f,f,f,f,t,t,won
f,f,f,f,f,t,f,f,f,f,f,f,l,f,n,f,f,f,f,f,f,f,f,t,f,t,f,f,f,f,f,f,t,f,t,t,won
f,f,f,f,f,t,t,t,t,f,f,f,l,f,n,f,f,t,f,f,f,f,f,f,f,t,f,f,f,f,f,f,f,f,t,t,won
f,f,f,f,t,t,t,t,t,f,f,f,l,f,n,f,f,t,f,f,f,f,f,f,f,t,f,f,f,f,f,f,f,t,t,t,won
f,f,f,f,t,t,t,t,t,f,f,f,l,f,n,f,f,t,f,f,f,f,f,f,f,t,f,f,f,f,f,f,f,f,t,t,won
f,f,f,f,f,t,t,t,t,f,f,f,l,f,n,f,f,f,f,f,f,f,f,t,f,t,f,f,f,f,f,f,f,f,t,t,won
f,f,f,f,f,f,f,f,f,f,f,f,l,f,n,f,f,t,f,f,f,f,f,f,f,f,f,f,f,f,f,f,f,t,t,t,won
f,f,f,f,t,f,f,f,f,f,f,f,l,f,n,f,f,t,f,f,f,f,f,f,f,f,f,f,f,f,f,f,f,t,t,t,won
f,f,f,f,t,f,f,f,f,f,f,f,l,f,n,f,f,t,f,f,f,f,f,f,f,f,t,f,f,f,f,f,f,t,t,t,won
f,f,f,f,t,f,t,f,f,f,f,f,l,f,n,f,f,t,f,f,f,f,f,f,f,f,f,f,f,f,f,f,f,t,t,t,won
f,f,f,f,f,f,f,f,t,f,f,f,l,f,n,f,f,t,f,f,f,t,f,f,f,f,f,f,f,f,f,f,f,t,t,t,won