C,C,A,G,C,T,G,C,A,T,C,A,C,A,G,G,A,G,G,C,C,A,G,C,G,A,G,C,A,G,G,T,C,T,G,T,T,C,C,A,A,G,G,G,C,C,T,T,C,G,A,G,C,C,A,G,T,C,T,G,EI
A,G,A,C,C,C,G,C,C,G,G,G,A,G,G,C,G,G,A,G,G,A,C,C,T,G,C,A,G,G,G,T,G,A,G,C,C,C,C,A,C,C,G,C,C,C,C,T,C,C,G,T,G,C,C,C,C,C,G,C,EI
G,A,G,G,T,G,A,A,G,G,A,C,G,T,C,C,T,T,C,C,C,C,A,G,G,A,G,C,C,G,G,T,G,A,G,A,A,G,C,G,C,A,G,T,C,G,G,G,G,G,C,A,C,G,G,G,G,A,T,G,EI
G,G,G,C,T,G,C,G,T,T,G,C,T,G,G,T,C,A,C,A,T,T,C,C,T,G,G,C,A,G,G,T,A,T,G,G,G,G,C,G,G,G,G,C,T,T,G,C,T,C,G,G,T,T,T,T,C,C,C,C,EI
G,C,T,C,A,G,C,C,C,C,C,A,G,G,T,C,A,C,C,C,A,G,G,A,A,C,T,G,A,C,G,T,G,A,G,T,G,T,C,C,C,C,A,T,C,C,C,G,G,C,C,C,T,T,G,A,C,C,C,T,EI
C,A,G,A,C,T,G,G,G,T,G,G,A,C,A,A,C,A,A,A,A,C,C,T,T,C,A,G,C,G,G,T,A,A,G,A,G,A,G,G,G,C,C,A,A,G,C,T,C,A,G,A,G,A,C,C,A,C,A,G,EI
C,C,T,T,T,G,A,G,G,A,C,A,G,C,A,C,C,A,A,G,A,A,G,T,G,T,G,C,A,G,G,T,A,C,G,T,T,C,C,C,A,C,C,T,G,C,C,C,T,G,G,T,G,G,C,C,G,C,C,A,EI
C,C,C,T,C,G,T,G,C,G,G,T,C,C,A,C,G,A,C,C,A,A,G,A,C,C,A,G,C,G,G,T,G,A,G,C,C,A,C,G,G,G,C,A,G,G,C,C,G,G,G,G,T,C,G,T,G,G,G,G,EI
T,G,G,C,G,A,C,T,A,C,G,G,C,G,C,G,G,A,G,G,C,C,C,T,G,G,A,G,A,G,G,T,G,A,G,G,A,C,C,C,T,C,C,T,G,T,C,C,C,T,G,C,T,C,C,A,G,T,C,C,EI
A,A,G,C,T,G,A,C,A,G,T,G,G,A,C,C,C,G,G,T,C,A,A,C,T,T,C,A,A,G,G,T,G,A,G,C,C,A,G,G,A,G,T,C,G,G,G,T,G,G,G,A,G,G,G,T,G,A,G,A,EI
T,G,G,C,G,A,C,T,A,C,G,G,C,G,C,G,G,A,G,G,C,C,C,T,G,G,A,G,A,G,G,T,G,A,G,G,A,C,C,C,T,G,G,T,A,T,C,C,C,T,G,C,T,G,C,C,A,G,T,C,EI
A,A,G,C,T,G,A,G,A,G,T,G,G,A,C,C,C,T,G,T,C,A,A,C,T,T,C,A,A,G,G,T,G,A,G,C,C,A,C,C,A,G,T,C,G,G,G,T,G,G,G,G,A,G,G,G,T,G,A,G,EI
G,G,A,A,G,A,T,G,C,T,G,G,A,G,G,A,G,A,A,A,C,C,C,T,G,G,G,A,A,G,G,T,A,G,G,C,T,C,T,G,G,T,G,A,C,C,A,G,G,A,C,A,A,G,G,G,A,G,G,G,EI
A,A,G,C,T,G,C,A,T,G,T,G,G,A,T,C,C,T,G,A,G,A,A,C,T,T,C,A,G,G,G,T,G,A,G,T,A,C,A,G,G,A,G,A,T,G,T,T,T,C,A,G,C,C,C,T,G,T,T,G,EI
G,G,A,A,G,A,T,G,T,T,G,G,A,G,G,A,G,A,A,A,C,C,C,T,G,G,G,A,A,G,G,T,A,G,G,C,T,C,T,G,G,T,G,A,C,C,A,G,G,A,C,A,A,G,G,G,A,G,G,G,EI
A,A,G,C,T,G,C,A,T,G,T,G,G,A,T,C,C,T,G,A,G,A,A,C,T,T,C,A,G,G,G,T,G,A,G,T,A,C,A,G,G,A,G,A,T,G,T,T,T,C,A,G,C,C,C,T,G,T,T,G,EI
G,G,C,A,C,C,A,C,C,A,C,T,G,A,C,C,T,G,G,G,A,C,A,G,T,G,A,A,T,C,G,T,A,A,G,T,A,T,G,C,C,T,T,T,C,A,C,T,G,C,G,A,G,G,G,G,T,T,C,T,EI
T,T,G,C,T,C,T,G,G,T,G,A,A,T,T,A,C,A,T,C,T,T,C,T,T,T,A,A,A,G,G,T,A,A,G,G,T,T,G,C,T,C,A,A,C,C,A,G,C,C,T,G,A,G,C,T,G,T,T,T,EI
C,A,C,C,A,A,G,T,T,C,C,T,G,G,A,A,A,A,T,G,A,A,G,A,C,A,G,A,A,G,G,T,G,A,T,T,C,C,C,C,A,A,C,C,T,G,A,G,G,G,T,G,A,C,C,A,A,G,A,A,EI
A,C,A,G,A,G,G,A,G,G,C,A,C,C,C,C,T,G,A,A,G,C,T,C,T,C,C,A,A,G,G,T,G,A,G,A,T,C,A,C,C,C,T,G,A,C,G,A,C,C,T,T,G,T,T,G,C,A,C,C,EI
G,T,G,C,C,C,A,T,C,A,C,C,A,A,C,G,C,C,A,C,C,C,T,G,G,A,C,C,G,G,G,T,G,A,G,T,G,C,C,T,G,G,G,C,T,A,G,C,C,C,T,G,T,C,C,T,G,A,G,C,EI
C,A,C,G,A,T,C,T,T,T,C,T,C,A,G,A,G,A,G,T,A,C,C,A,G,A,C,C,C,G,G,T,G,A,G,A,G,C,C,C,C,C,A,T,T,C,C,A,A,T,G,C,A,C,C,C,C,C,G,A,EI
A,G,C,G,G,G,A,G,A,A,T,G,G,G,A,C,C,G,T,C,T,C,C,A,G,A,T,A,C,G,G,T,G,A,G,G,G,C,C,A,G,C,C,C,T,C,A,G,G,C,A,G,G,A,G,G,G,T,T,C,EI
A,T,G,A,G,A,A,G,A,A,C,T,G,G,G,G,G,C,T,G,T,C,T,T,T,C,T,A,T,G,G,T,A,G,G,C,A,T,G,C,T,T,A,G,C,A,G,C,C,C,C,A,A,A,C,T,C,A,T,G,EI
T,C,A,G,A,T,G,T,C,A,T,G,T,A,C,A,C,C,G,A,C,T,G,G,A,A,A,A,A,G,G,T,A,A,A,C,G,C,A,A,G,G,G,A,T,T,G,G,A,C,A,T,T,G,C,C,C,A,C,C,EI
G,A,T,C,C,G,C,C,G,C,C,C,G,T,C,C,A,C,A,C,C,C,G,C,C,G,C,C,A,G,G,T,A,A,G,C,C,C,G,G,C,C,A,G,C,C,G,A,C,C,G,G,G,G,C,A,T,G,C,G,EI
C,C,C,T,C,C,A,T,C,G,T,G,G,G,G,C,G,C,C,C,C,A,G,G,C,A,C,C,A,G,G,T,A,G,G,G,G,A,G,C,T,G,G,C,T,G,G,G,T,G,G,G,G,C,A,G,C,C,C,C,EI
C,C,C,A,A,G,G,C,C,A,A,C,C,G,C,G,A,G,A,A,G,A,T,G,A,C,C,C,A,G,G,T,G,A,G,T,G,G,C,C,C,G,C,T,A,C,C,T,C,T,T,C,T,G,G,T,G,G,C,C,EI
C,T,G,A,G,G,C,A,C,T,C,T,T,C,C,A,G,C,C,T,T,C,C,T,T,C,C,T,G,G,G,T,G,A,G,T,G,G,A,G,A,C,T,G,T,C,T,C,C,C,G,G,C,T,C,T,G,C,C,T,EI
G,C,C,C,T,G,G,C,A,C,C,C,A,G,C,A,C,A,A,T,G,A,A,G,A,T,C,A,A,G,G,T,G,G,G,T,G,T,C,T,T,T,C,C,T,G,C,C,T,G,A,G,C,T,G,A,C,C,T,G,EI
G,A,T,C,C,G,C,C,G,C,C,C,G,T,C,C,A,C,A,C,C,C,G,C,C,G,C,C,A,G,G,T,A,A,G,C,C,C,G,G,C,C,A,G,C,C,G,A,C,C,G,G,G,G,C,A,T,G,C,G,EI
C,C,C,T,C,C,A,T,C,G,T,G,G,G,G,C,G,C,C,C,C,A,G,G,C,A,C,C,A,G,G,T,A,G,G,G,G,A,G,C,T,G,G,C,T,G,G,G,T,G,G,G,G,C,A,G,C,C,C,C,EI
C,C,C,A,A,G,G,C,C,A,A,C,C,G,C,G,A,G,A,A,G,A,T,G,A,C,C,C,A,G,G,T,G,A,G,T,G,G,C,C,C,G,C,T,A,C,C,T,C,T,T,C,T,G,G,T,G,G,C,C,EI
C,T,G,A,G,G,C,A,C,T,C,T,T,C,C,A,G,C,C,T,T,C,C,T,T,C,C,T,G,G,G,T,G,A,G,T,G,G,A,G,A,C,T,G,T,C,T,C,C,C,G,G,C,T,C,T,G,C,C,T,EI
G,C,C,C,T,G,G,C,A,C,C,C,A,G,C,A,C,A,A,T,G,A,A,G,A,T,C,A,A,G,G,T,G,G,G,T,G,T,C,T,T,T,C,C,T,G,C,C,T,G,A,G,C,T,G,A,C,C,T,G,EI
C,C,G,C,C,C,C,T,C,C,G,C,C,G,T,C,G,C,G,T,T,T,C,T,C,T,G,C,C,G,G,T,G,A,G,C,G,C,C,C,C,G,C,C,C,C,G,G,G,G,C,C,T,G,A,G,C,T,G,G,EI
C,C,T,T,C,C,A,T,C,G,T,C,G,G,G,C,G,C,C,C,C,A,G,A,C,A,C,C,A,G,G,T,G,A,G,T,G,G,A,T,G,G,C,G,C,C,G,C,G,G,G,G,C,T,C,C,T,G,G,G,EI
C,C,C,A,A,G,G,C,C,A,A,C,A,G,A,G,A,G,A,A,G,A,T,G,A,C,T,C,A,G,G,T,G,A,G,G,C,T,C,G,G,C,C,G,A,C,G,C,C,C,G,T,G,C,T,C,C,T,C,C,EI
C,G,G,A,G,G,C,G,C,T,G,T,T,C,C,A,G,C,C,T,T,C,C,T,T,C,C,T,G,G,G,T,A,G,G,T,G,T,T,G,T,G,A,G,C,T,A,A,A,G,G,T,T,T,C,T,A,C,T,C,EI
G,C,C,C,T,G,G,C,G,C,C,C,A,G,C,A,C,C,A,T,G,A,A,G,A,T,C,A,A,G,G,T,G,A,G,T,C,G,A,G,G,G,G,T,T,G,G,T,G,G,C,C,C,T,C,T,G,C,C,T,EI
G,C,C,C,A,G,A,C,G,C,C,C,G,C,C,T,T,C,G,A,C,A,A,G,C,C,C,A,A,A,G,T,G,A,G,C,G,C,G,C,G,C,G,G,G,G,G,C,T,C,C,G,G,G,G,A,C,G,G,G,EI
C,A,A,G,C,C,T,G,A,A,A,C,C,A,T,C,T,T,A,T,A,C,T,A,T,G,G,C,A,G,G,T,A,A,G,T,C,C,A,T,A,C,A,G,A,A,G,A,G,C,C,C,T,C,T,C,T,C,C,C,EI
C,A,A,G,T,T,T,G,A,C,T,A,C,T,A,C,A,T,G,C,C,T,G,C,T,A,T,C,G,C,G,T,G,A,G,T,T,G,C,C,C,C,C,A,A,C,C,C,A,C,A,G,G,T,C,C,T,A,G,G,EI
A,G,T,G,G,A,G,C,C,A,A,T,C,C,C,C,T,G,G,A,A,C,C,A,G,G,C,T,G,A,G,T,G,A,G,T,G,A,T,G,G,G,C,C,T,G,G,A,A,G,G,G,G,C,C,A,T,G,C,T,EI
C,C,A,T,C,C,T,G,T,G,C,T,G,C,A,T,G,C,G,C,C,A,C,C,A,G,C,C,C,A,G,T,G,A,G,T,A,G,G,A,T,C,A,C,C,G,C,C,C,T,G,C,C,C,A,G,G,G,C,C,EI
C,T,C,T,T,G,C,C,T,G,G,A,C,A,T,G,T,C,C,A,G,G,C,C,T,A,C,C,A,G,G,T,G,G,G,T,C,C,T,G,T,G,A,G,A,A,G,G,A,A,T,G,G,A,G,A,G,G,C,T,EI
G,A,G,G,T,G,G,G,C,T,C,G,G,C,C,G,A,A,G,T,A,G,T,A,A,A,A,G,A,G,G,T,G,A,G,G,G,C,C,T,G,G,G,C,T,G,G,C,C,A,T,G,G,G,G,T,C,C,C,T,EI
A,G,G,C,T,G,C,G,G,C,A,G,G,A,A,A,A,C,A,T,G,C,A,C,T,T,C,G,A,G,G,T,A,A,G,C,G,G,G,C,C,A,G,G,G,A,G,T,G,G,G,G,A,G,G,A,A,C,C,A,EI
G,A,A,G,C,C,G,G,A,C,A,C,G,G,A,G,C,A,T,G,C,A,G,T,C,A,T,T,C,G,G,T,G,A,G,C,T,C,T,G,T,T,C,C,C,C,T,G,G,G,C,C,T,G,T,T,C,A,A,T,EI
G,G,C,T,T,T,A,C,T,G,A,A,G,A,G,G,A,G,T,T,T,A,A,A,A,G,G,C,T,G,G,T,G,A,G,T,G,G,G,T,G,T,G,A,G,C,C,A,T,A,C,T,G,G,C,C,T,T,G,A,EI
C,C,T,A,T,G,G,G,A,T,G,C,C,A,C,C,T,T,C,A,G,C,C,T,C,T,G,C,A,G,G,T,A,G,G,T,T,C,C,T,G,T,C,T,G,G,G,C,T,T,C,T,G,G,G,C,A,G,T,T,EI
G,A,G,G,T,G,G,G,C,T,C,G,G,C,C,G,A,A,G,T,A,G,T,A,A,A,A,G,A,G,G,T,G,A,G,G,G,C,C,T,G,G,G,C,T,G,G,C,C,A,T,G,G,G,G,T,C,C,C,T,EI
G,A,A,C,A,C,T,G,C,A,T,A,G,A,A,A,T,G,A,A,T,A,T,G,G,A,A,T,A,G,G,T,G,A,G,A,T,A,T,T,T,T,G,T,G,T,T,T,T,T,C,T,T,G,T,C,T,T,T,T,EI
A,T,G,T,A,C,T,G,C,A,G,A,G,A,T,A,A,G,T,T,T,A,G,C,T,G,A,C,C,T,G,T,A,A,G,T,T,T,T,G,C,T,T,A,T,A,T,A,A,A,T,G,T,A,C,T,T,T,A,A,EI
G,A,A,C,A,G,T,C,T,T,C,A,G,G,G,T,G,T,T,T,A,G,A,A,A,A,C,C,A,G,G,T,G,A,G,T,G,A,A,T,A,A,T,T,T,T,A,A,A,A,A,A,G,C,A,T,T,G,T,G,EI
T,G,A,A,G,A,A,G,A,C,A,G,G,G,A,G,A,C,A,T,T,C,A,T,G,A,A,C,A,A,G,T,A,A,G,G,A,T,C,C,A,G,T,T,T,A,A,A,G,G,T,A,G,A,T,G,C,A,A,A,EI
G,A,A,A,A,T,G,C,A,G,T,T,G,A,A,T,G,C,T,T,C,C,A,A,A,C,A,A,A,G,G,T,A,T,C,A,T,A,T,T,T,G,C,G,T,G,G,A,T,A,T,C,T,G,A,A,C,C,A,G,EI
A,A,A,T,T,T,T,G,G,G,A,C,C,C,G,A,A,C,T,T,T,C,C,A,A,G,C,C,A,T,G,T,A,A,G,T,T,C,A,A,G,T,T,C,T,A,T,C,T,A,G,G,G,A,A,G,A,G,G,G,EI
G,G,A,G,A,T,G,T,G,C,T,G,G,A,T,T,G,T,C,T,G,C,A,G,G,A,T,G,G,G,G,T,G,A,G,G,A,G,T,C,T,T,G,C,T,T,C,T,T,A,A,A,A,T,A,G,A,A,G,A,EI
T,T,C,A,G,G,G,G,A,A,A,A,A,A,A,T,A,T,C,T,T,C,T,T,G,G,C,A,A,G,G,T,A,A,C,A,C,A,C,T,C,T,G,T,A,A,A,T,G,C,A,T,G,T,T,C,A,T,G,C,EI
G,A,A,A,A,C,C,C,T,C,T,T,G,A,A,T,G,C,C,A,A,G,A,T,A,A,A,G,G,A,G,T,A,A,G,T,T,G,C,T,C,T,A,G,A,A,T,T,T,T,A,G,G,G,G,A,G,T,A,T,EI
G,A,A,A,C,T,A,G,G,A,G,A,A,T,A,T,T,A,C,T,T,A,C,A,A,A,A,T,G,C,G,T,A,T,G,T,T,T,T,T,G,T,A,A,A,C,A,G,T,A,T,T,T,T,T,A,G,T,G,A,EI
G,A,C,A,A,A,C,T,A,T,T,G,G,C,C,T,G,T,G,G,C,G,A,G,G,G,A,G,C,G,G,T,G,A,G,T,G,T,C,T,G,C,T,T,G,G,T,T,T,G,G,T,C,C,C,A,T,C,T,C,EI
G,G,G,T,G,T,A,G,C,G,C,T,G,C,A,A,A,C,G,A,T,G,A,A,G,C,A,A,G,A,G,T,A,A,G,A,A,A,C,T,G,T,T,A,C,T,T,G,C,T,A,G,C,A,T,G,G,A,A,A,EI
C,A,G,G,A,A,C,A,G,G,A,A,G,T,C,T,G,C,T,T,T,G,C,T,G,A,A,G,A,G,G,T,A,C,A,T,G,C,A,G,C,T,C,A,T,T,T,C,A,T,A,C,T,C,A,A,A,A,T,A,EI
G,T,G,C,T,G,C,T,T,T,G,G,G,A,G,T,T,T,A,A,A,T,T,A,C,T,T,C,A,G,G,T,A,A,C,A,A,A,A,C,A,T,T,C,A,G,A,C,A,A,G,C,C,T,G,A,A,T,A,C,EI
G,C,C,C,C,G,G,C,G,C,C,C,A,C,C,C,G,C,A,C,C,C,C,T,C,C,C,C,A,G,G,T,C,A,G,T,G,C,G,T,G,C,C,C,G,C,G,C,G,T,G,T,C,T,G,G,G,G,G,G,EI
A,C,G,G,C,T,C,C,C,G,G,G,A,C,C,T,C,G,G,C,A,G,G,A,T,G,G,A,A,G,G,T,A,T,G,A,G,C,C,T,C,C,T,C,T,C,C,T,T,T,T,G,C,C,C,A,T,T,G,C,EI
T,G,A,A,G,A,A,A,A,C,C,A,A,G,A,T,C,A,T,C,T,T,T,G,T,G,G,T,G,G,G,T,G,A,G,T,T,G,C,G,G,G,C,A,G,G,C,G,G,G,T,G,G,T,G,C,A,G,C,A,EI
A,T,C,A,T,G,G,A,G,A,A,G,G,G,G,C,A,G,C,T,G,G,T,T,C,C,A,C,T,G,G,T,G,A,G,T,G,G,G,C,C,C,T,G,G,T,G,G,G,G,T,G,A,G,A,G,G,C,A,G,EI
G,T,G,C,A,G,C,A,A,G,G,A,G,A,A,G,A,G,T,T,T,G,A,G,C,G,A,C,G,G,G,T,A,A,G,G,C,A,C,T,G,A,C,C,C,A,A,G,T,G,G,G,G,A,T,C,C,T,G,G,EI
T,T,C,T,A,T,G,A,G,A,A,A,C,G,T,G,G,C,A,T,T,G,T,G,C,G,C,A,A,G,G,T,G,G,G,C,C,C,C,G,C,G,G,G,A,C,G,G,G,G,C,A,G,C,T,C,C,G,G,G,EI
A,T,T,C,C,A,G,G,G,G,T,G,T,G,T,T,T,C,G,T,C,G,A,G,A,T,G,C,A,C,G,T,A,A,G,A,A,A,T,C,C,A,T,T,T,T,T,C,T,A,T,T,G,T,T,C,A,A,C,T,EI
A,G,A,T,T,T,G,G,G,A,G,A,A,G,A,A,A,A,T,T,T,C,A,A,A,G,C,C,T,T,G,T,A,A,G,T,T,A,A,A,A,T,A,T,T,G,A,T,G,A,A,T,C,A,A,A,T,T,T,A,EI
G,A,G,T,C,A,G,C,T,G,A,A,A,A,T,T,G,T,G,A,C,A,A,A,T,C,A,C,T,T,G,T,A,A,G,T,A,C,A,T,T,C,T,A,A,T,T,G,T,G,G,A,G,A,T,T,C,T,T,T,EI
T,C,A,T,G,A,C,A,A,T,G,A,A,G,A,G,A,C,A,T,T,T,T,T,G,A,A,A,A,A,G,T,A,A,G,T,A,A,T,C,A,G,A,T,G,T,T,T,A,T,A,G,T,T,C,A,A,A,A,T,EI
G,C,T,G,A,T,A,A,A,G,C,T,G,C,C,T,G,C,C,T,G,T,T,G,C,C,A,A,A,G,G,T,A,T,T,A,T,G,C,A,A,A,A,G,A,A,T,A,G,A,A,A,A,A,A,A,G,A,G,T,EI
A,A,A,A,T,T,T,G,G,A,G,A,A,A,G,A,G,C,T,T,T,C,A,A,A,G,C,A,T,G,G,T,A,A,A,T,A,C,T,T,T,T,A,A,A,C,A,T,A,G,T,T,G,G,C,A,T,C,T,T,EI
G,G,A,G,A,T,C,T,G,C,T,T,G,A,A,T,G,T,G,C,T,G,A,T,G,A,C,A,G,G,G,T,A,A,A,G,A,G,T,C,G,T,C,G,A,T,A,T,G,C,T,T,T,T,T,G,G,T,A,G,EI
T,G,C,T,G,A,G,G,C,A,A,A,G,G,A,T,G,T,C,T,T,C,C,T,G,G,G,C,A,T,G,T,A,A,G,T,A,G,A,T,A,A,G,A,A,A,T,T,A,T,T,C,T,T,T,T,A,T,A,G,EI
G,C,A,G,A,T,C,C,T,C,A,T,G,A,A,T,G,C,T,A,T,G,C,C,A,A,A,G,T,G,G,T,A,G,G,T,T,T,A,T,T,G,T,T,G,G,A,A,A,A,A,A,A,T,G,T,A,G,T,T,EI
G,C,A,G,C,T,T,G,G,A,G,A,G,T,A,C,A,A,A,T,T,C,C,A,G,A,A,T,G,C,G,T,A,A,G,T,A,A,T,T,T,T,T,A,T,T,G,A,C,T,G,A,T,T,T,T,T,T,T,T,EI
G,C,A,A,A,A,A,G,A,A,T,G,C,C,C,T,G,T,G,C,A,G,A,A,G,A,C,T,A,T,G,T,G,A,G,T,C,T,T,T,A,A,A,A,A,A,A,T,A,T,A,A,T,A,A,A,T,T,A,A,EI
T,G,A,G,A,A,G,G,A,G,A,G,A,C,A,A,A,T,C,A,A,G,A,A,A,C,A,A,A,C,G,T,G,A,G,G,A,G,T,A,T,T,T,C,A,T,T,A,C,T,G,C,A,T,G,T,G,T,T,T,EI
G,A,C,G,A,T,A,A,G,G,A,G,A,C,C,T,G,C,T,T,T,G,C,C,G,A,G,G,A,G,G,T,A,C,T,A,C,A,G,T,T,C,T,C,T,T,C,A,T,T,T,T,A,A,T,A,T,G,T,C,EI
C,T,T,A,T,A,A,C,A,T,C,A,C,A,T,T,T,A,A,A,A,G,C,A,T,C,T,C,A,G,G,T,A,A,C,T,A,T,A,T,T,T,T,G,A,A,T,T,T,T,T,T,A,A,A,A,A,A,G,T,EI
G,A,C,G,A,T,A,A,G,G,A,G,A,C,C,T,G,C,T,T,T,G,C,C,G,A,G,G,A,G,G,T,A,C,T,A,C,A,G,T,T,C,T,C,T,T,C,A,T,T,T,T,A,A,T,A,T,G,T,C,EI
G,G,C,T,A,C,A,G,C,T,C,T,C,C,C,T,G,G,G,C,A,T,C,A,T,C,C,C,A,G,G,T,A,A,T,G,A,G,G,C,T,C,C,C,C,A,G,C,C,T,G,C,C,C,T,A,C,A,C,A,EI
C,C,A,A,G,A,A,C,C,T,C,A,T,C,A,T,G,T,T,C,C,T,G,G,G,T,G,A,C,G,G,T,G,A,G,T,G,A,G,C,C,A,G,C,C,T,T,C,C,A,G,C,C,C,C,G,C,A,G,C,EI
G,A,C,C,G,C,T,T,C,C,C,G,T,A,C,G,T,G,G,C,T,C,T,G,T,C,C,A,A,G,G,T,A,A,G,T,G,C,T,G,G,G,C,T,A,C,C,T,T,A,G,A,G,T,C,C,T,C,C,A,EI
T,C,T,C,C,G,T,G,G,T,G,A,A,T,C,G,G,G,C,C,A,A,G,A,A,A,G,C,A,G,G,T,G,G,A,G,C,T,G,G,G,G,C,C,C,G,G,C,T,G,T,G,G,G,G,T,C,A,G,G,EI
A,C,G,C,A,G,C,T,C,A,T,C,T,C,C,A,A,C,A,T,G,G,A,C,A,T,T,G,A,T,G,T,G,C,G,A,C,C,C,C,C,G,G,G,C,C,A,A,G,G,G,T,G,G,G,G,C,T,G,G,EI
C,T,G,G,T,G,C,A,G,G,A,A,T,G,G,C,T,G,G,C,G,A,A,G,C,A,C,C,A,G,G,T,G,A,T,G,G,G,G,G,C,T,G,G,T,G,G,G,T,G,T,G,C,T,G,G,G,C,A,C,EI
C,C,C,T,G,G,A,C,C,C,G,T,C,T,G,T,G,A,C,C,C,A,T,C,T,C,A,T,G,G,G,T,A,A,T,G,A,C,C,C,C,C,T,T,C,C,T,G,C,C,C,T,G,G,C,A,T,C,C,T,EI
A,C,C,C,C,C,G,C,G,G,C,T,T,C,T,T,C,C,T,C,T,T,C,G,T,G,G,A,G,G,G,T,G,C,G,T,G,G,T,G,G,C,C,C,T,G,G,G,A,G,T,G,G,G,G,G,G,T,T,G,EI
G,C,T,A,C,C,C,C,C,T,G,C,G,A,G,G,G,A,G,C,T,C,C,A,T,C,T,T,C,G,G,T,A,G,G,C,C,T,G,G,G,G,A,T,G,A,G,T,G,G,C,A,G,G,T,G,C,T,G,C,EI
C,C,C,G,G,C,C,G,G,A,T,G,T,T,A,C,G,G,A,G,A,G,C,G,A,G,A,G,C,G,G,T,G,A,G,T,G,C,C,G,T,G,G,G,G,T,G,G,C,C,T,G,A,G,G,G,G,G,A,C,EI
G,G,C,T,A,C,A,G,C,T,C,T,C,C,C,T,G,G,G,C,G,T,C,A,T,C,C,C,A,G,G,T,A,A,T,G,A,G,G,C,T,C,C,C,C,A,A,G,C,T,G,T,T,C,C,A,C,A,C,A,EI
C,C,A,A,G,A,A,C,C,T,C,A,T,C,C,T,C,T,T,C,C,T,G,G,G,C,G,A,T,G,G,T,G,A,G,T,G,A,G,C,A,A,G,G,C,C,T,G,T,C,C,A,G,C,C,C,C,G,T,A,EI
G,A,C,C,G,C,T,T,C,C,C,A,T,A,C,C,T,G,G,C,T,C,T,G,T,C,C,A,A,G,G,T,A,A,G,G,G,C,T,G,G,G,C,C,A,C,C,T,C,A,G,A,G,T,C,C,T,C,C,A,EI
T,C,T,C,C,G,T,G,A,T,G,A,A,C,C,G,G,G,C,C,A,A,G,C,A,A,G,C,A,G,G,T,G,A,G,C,T,G,G,G,G,C,C,C,G,C,T,G,T,G,G,G,G,T,C,A,G,G,A,C,EI
A,C,T,C,A,G,C,T,C,A,T,C,T,C,C,A,A,C,A,T,G,G,A,C,A,T,T,G,A,C,G,T,G,C,G,A,C,C,C,C,C,G,G,G,C,C,A,A,G,G,G,C,T,G,G,G,G,C,T,G,EI
C,T,G,G,T,G,C,A,G,G,A,A,T,G,G,C,T,G,G,C,A,A,A,G,C,A,C,C,A,G,G,T,G,A,T,G,G,G,G,G,C,T,G,G,T,G,G,G,T,G,T,G,G,G,A,G,G,C,A,C,EI
C,C,C,T,G,G,A,C,C,A,G,T,C,T,G,T,G,A,C,C,C,A,T,C,T,C,A,T,G,G,G,T,A,A,T,G,A,C,C,C,C,C,T,T,C,C,T,G,C,C,C,T,G,G,C,A,T,T,C,C,EI
A,C,C,C,C,C,G,C,G,G,C,T,T,C,T,A,C,C,T,C,T,T,T,G,T,G,G,A,G,G,G,T,G,C,G,T,G,G,T,G,G,C,C,C,C,T,G,G,G,G,A,G,T,G,G,A,G,G,A,A,EI
G,C,T,A,C,A,C,C,T,T,G,C,G,A,G,G,G,A,G,C,T,C,C,A,T,C,T,T,C,G,G,T,A,G,G,C,C,T,G,G,G,G,A,G,A,G,T,G,G,C,A,G,G,T,G,C,T,G,C,T,EI
T,G,C,G,A,C,C,A,G,A,C,G,T,G,A,A,T,G,A,G,A,G,C,G,A,G,A,G,C,G,G,T,G,A,G,T,G,A,G,G,C,T,G,A,A,T,G,G,C,C,C,G,T,G,C,A,G,G,G,G,EI
C,A,C,A,C,A,G,G,G,C,A,C,C,C,C,C,T,C,A,N,N,N,N,N,N,N,N,N,N,N,N,N,N,N,N,N,N,N,N,N,N,N,N,N,N,N,N,N,N,N,N,N,N,N,N,N,N,N,N,N,EI
G,G,C,T,A,C,A,G,C,T,C,T,C,C,C,T,G,G,G,C,A,T,C,A,T,C,C,C,A,G,G,T,A,A,T,G,A,G,G,C,T,C,C,C,C,G,A,G,C,T,G,C,C,C,C,T,A,C,A,C,EI
C,C,A,A,G,A,A,C,C,T,C,A,T,C,A,T,C,T,T,C,C,T,G,G,G,C,G,A,T,G,G,T,G,A,G,T,G,A,G,C,C,A,G,G,C,C,T,T,C,C,A,G,C,C,C,T,G,C,A,G,EI
G,A,C,C,G,C,T,T,C,C,C,A,T,A,T,G,T,G,G,C,T,C,T,G,T,C,C,A,A,G,G,T,A,A,G,T,G,C,T,G,G,G,C,T,A,C,C,T,T,A,G,A,G,T,C,C,T,C,C,A,EI
T,C,T,C,C,G,T,G,A,T,G,A,A,T,C,G,G,G,C,C,A,A,G,A,A,A,G,C,A,G,G,T,G,A,G,C,T,G,G,G,G,C,C,C,G,C,T,G,C,T,G,G,G,T,C,A,C,G,G,C,EI
A,C,G,C,A,G,C,T,C,A,T,C,T,C,C,A,A,C,A,T,G,G,A,C,A,T,T,G,A,C,G,T,G,C,G,A,C,C,C,C,C,A,G,G,A,C,C,A,A,G,G,G,C,T,G,G,G,G,C,T,EI
C,T,G,G,T,G,C,A,G,G,A,A,T,G,G,C,T,G,G,C,G,A,A,G,C,G,C,C,A,G,G,T,G,A,T,G,G,G,G,G,C,T,G,G,C,G,G,G,T,G,C,A,G,G,G,G,G,C,A,C,EI
C,C,C,T,G,G,A,C,C,C,G,T,C,T,G,T,G,A,C,C,C,A,T,C,T,C,A,T,G,G,G,T,A,A,T,G,A,C,C,C,C,C,T,T,C,C,T,G,C,C,C,T,G,G,C,A,T,C,C,C,EI
A,C,C,C,C,C,G,C,G,G,C,T,T,C,T,T,C,C,T,C,T,T,C,G,T,G,G,A,G,G,G,T,G,C,G,T,G,G,T,G,G,C,C,C,C,T,G,G,G,G,A,G,T,G,G,G,G,G,T,T,EI
G,C,T,A,C,C,C,C,C,T,G,C,G,A,G,G,G,A,G,C,T,C,C,A,T,C,T,T,C,G,G,T,A,G,G,C,C,T,G,G,G,G,A,G,A,G,T,G,G,C,A,G,G,T,G,C,T,G,C,T,EI
C,C,C,G,G,C,C,G,G,A,T,G,T,T,A,C,C,G,A,G,A,G,C,G,A,G,A,G,C,G,G,T,G,A,G,T,G,C,C,G,C,G,G,G,G,T,G,G,C,C,C,C,C,T,G,A,G,G,G,G,EI
G,T,G,T,C,C,A,A,C,G,C,A,G,A,C,C,T,G,A,T,G,G,A,T,T,T,C,A,A,G,G,T,A,G,G,G,C,C,A,G,G,A,A,A,G,C,G,G,G,T,G,C,A,G,T,C,T,G,G,G,EI
C,A,G,A,G,C,G,G,A,C,T,G,G,G,C,T,G,T,A,A,C,A,G,C,T,T,C,C,G,G,G,T,A,A,G,A,G,G,A,A,C,T,G,G,G,G,A,T,G,G,A,A,A,T,G,G,G,A,T,G,EI
C,C,C,A,T,C,G,A,G,A,G,G,G,T,C,A,A,A,C,T,G,C,T,G,C,T,G,C,A,G,G,T,G,A,G,G,A,C,C,G,C,G,C,G,G,T,G,C,A,A,G,A,G,G,C,G,G,G,C,G,EI
C,C,T,A,C,T,T,C,G,G,A,G,T,C,T,A,T,G,A,T,A,C,T,G,C,C,A,A,G,G,G,T,G,A,G,A,G,A,G,G,G,G,C,A,T,C,G,G,G,G,A,G,A,A,G,G,A,G,G,G,EI
G,A,A,T,G,A,T,G,A,T,G,C,A,G,T,C,C,G,G,C,C,G,G,A,A,A,G,G,G,G,G,T,A,A,G,C,T,T,G,T,G,C,T,C,T,A,C,T,C,A,T,C,T,A,A,A,C,T,T,G,EI
T,C,C,T,G,A,C,C,C,T,G,G,C,C,C,T,G,G,T,G,G,C,T,G,T,C,G,C,C,G,G,T,G,A,G,T,A,G,A,A,G,C,T,G,T,C,T,T,T,G,G,A,T,G,G,C,A,C,T,C,EI
C,C,A,G,A,A,A,T,C,T,G,A,A,C,T,C,A,C,C,C,A,G,C,A,A,C,T,C,A,A,G,T,A,A,G,A,G,G,G,A,C,T,A,C,A,G,T,G,T,G,T,G,G,T,G,G,T,G,A,C,EI
A,G,C,T,G,G,C,T,G,C,T,T,A,G,A,G,A,C,T,G,C,G,A,G,A,A,G,G,A,G,G,T,G,C,G,T,C,C,T,G,C,T,G,C,C,T,G,C,C,C,C,G,G,C,A,C,T,C,T,G,EI
T,G,C,T,G,A,C,C,T,T,G,G,C,C,G,T,G,C,T,C,T,T,C,C,T,G,A,C,G,G,G,T,A,G,G,T,G,T,C,C,C,C,T,A,A,C,C,T,A,G,G,A,G,C,C,A,A,C,C,A,EI
T,G,A,A,G,G,C,T,C,C,G,C,C,T,T,G,G,G,A,A,A,A,C,A,G,C,T,A,A,A,G,T,A,A,G,G,A,C,C,C,A,G,C,C,T,G,G,G,G,T,T,G,A,G,G,G,C,A,G,G,EI
A,G,C,T,G,G,C,T,G,C,T,T,A,G,A,G,A,C,T,G,C,G,A,G,A,A,G,G,A,G,G,T,G,C,G,T,C,C,T,G,C,T,G,C,C,T,G,C,C,C,C,G,G,T,C,A,C,T,C,T,EI
T,G,C,T,G,A,C,C,T,T,G,G,C,C,G,T,G,C,T,C,T,T,C,C,T,G,A,C,G,G,G,T,A,G,G,T,G,T,C,C,C,C,T,A,A,C,C,T,A,G,G,G,A,G,C,C,A,A,C,C,EI
T,G,A,A,G,G,C,T,C,C,G,C,C,T,T,G,G,G,A,A,A,A,C,A,G,C,T,A,A,A,G,T,A,A,G,G,A,C,C,C,A,G,C,C,T,G,G,G,G,T,T,G,A,G,G,G,C,A,G,G,EI
G,A,G,C,T,G,G,T,G,A,G,G,A,C,A,G,C,C,T,G,C,C,A,G,A,G,T,C,T,G,G,T,A,A,G,A,A,A,G,G,G,A,C,T,C,A,G,G,G,T,G,C,G,G,G,G,A,C,A,G,EI
T,G,T,T,T,C,T,T,G,T,C,C,T,C,C,T,G,G,T,A,T,T,G,G,G,A,T,T,T,G,G,T,G,A,G,T,G,T,G,G,G,C,T,T,C,C,G,G,G,G,A,G,G,G,A,A,G,C,C,T,EI
A,T,A,C,C,T,G,C,C,C,G,C,T,G,T,A,G,A,T,G,A,G,A,A,A,C,T,C,A,G,G,T,A,G,C,A,C,C,T,G,C,C,C,C,T,G,G,A,G,A,A,A,T,G,G,G,G,T,C,T,EI
G,A,G,C,T,G,G,T,G,A,G,G,A,C,A,G,C,C,T,G,C,C,A,G,A,G,T,C,T,G,G,T,A,A,G,A,A,A,G,G,G,A,C,T,C,A,G,G,G,T,G,C,G,G,G,G,A,C,A,G,EI
T,G,T,T,T,C,T,T,G,T,C,C,T,C,C,T,G,G,T,A,T,T,G,G,G,A,T,T,T,G,G,T,G,A,G,T,G,T,G,G,G,C,T,T,C,C,G,G,G,G,A,G,G,G,A,A,G,C,C,T,EI
A,T,A,C,C,T,G,C,C,C,G,C,T,G,T,A,G,A,T,G,A,G,A,A,A,C,T,C,A,G,G,T,A,G,C,A,C,C,T,G,C,C,C,C,T,G,G,A,G,A,A,A,T,G,G,G,G,T,C,T,EI
T,C,C,C,A,A,C,C,A,A,G,C,C,C,T,C,C,A,G,C,A,A,G,G,A,T,T,C,A,G,G,T,T,G,G,T,G,C,T,G,A,G,T,G,C,C,T,G,G,G,A,G,G,G,A,C,A,C,C,C,EI
T,G,G,T,G,G,T,G,G,T,T,C,T,G,T,C,G,A,T,C,G,T,C,T,T,G,G,A,A,G,G,T,A,A,A,A,G,T,G,G,G,A,T,G,G,G,A,G,A,A,T,T,G,G,G,G,A,G,T,T,EI
C,A,A,A,C,A,G,A,G,T,G,A,A,C,T,T,T,C,T,G,C,C,A,A,G,A,T,G,C,G,G,T,T,A,G,A,A,C,C,C,T,T,C,C,C,A,G,G,G,C,A,C,G,G,G,A,G,A,G,C,EI
G,A,G,C,T,G,G,T,G,A,G,G,A,C,A,G,C,C,T,G,C,C,A,G,A,G,T,C,T,G,G,T,A,A,G,A,A,A,G,G,G,A,C,T,C,A,G,G,G,T,G,C,G,G,G,G,A,C,A,G,EI
T,G,T,T,T,C,T,T,G,T,C,C,T,C,C,T,G,G,T,A,T,T,G,G,G,A,T,T,T,G,G,T,G,A,G,T,G,T,G,G,G,C,T,T,C,C,G,G,G,G,A,G,G,G,A,A,G,C,C,T,EI
A,T,A,C,C,T,G,C,C,C,G,C,T,G,T,A,G,A,T,G,A,G,A,A,A,C,T,C,A,G,G,T,A,G,C,A,C,C,T,G,C,C,C,C,T,G,G,A,G,A,A,A,T,G,G,G,G,T,C,T,EI
G,A,G,G,T,G,A,A,G,G,A,C,G,T,C,C,T,T,C,C,C,C,A,G,G,A,G,C,C,G,G,T,G,A,G,A,A,G,C,G,C,A,G,T,C,G,G,G,G,G,C,A,C,G,G,G,G,A,T,G,EI
G,G,G,C,T,G,C,G,T,T,G,C,T,G,G,T,C,A,C,A,T,T,C,C,T,G,G,C,A,G,G,T,A,T,G,G,G,G,G,C,G,G,G,G,C,T,T,G,C,T,C,G,G,T,T,C,C,C,C,C,EI
G,C,T,C,A,G,C,T,C,C,C,A,G,G,T,C,A,C,C,C,A,G,G,A,A,C,T,G,A,G,G,T,G,A,G,T,G,T,C,C,C,C,A,T,C,C,T,G,G,C,C,C,T,T,G,A,C,C,C,T,EI
C,G,A,C,T,T,C,C,C,C,A,C,C,C,C,A,G,G,C,G,T,G,G,T,A,T,T,C,A,G,G,T,G,C,A,C,G,C,A,C,A,G,G,C,C,G,C,C,C,T,C,G,T,G,G,C,C,C,C,G,EI
C,C,C,A,C,G,G,G,G,G,C,C,G,C,A,T,C,G,A,C,T,A,C,A,T,C,G,C,A,G,G,C,G,A,G,T,G,C,C,A,G,T,G,G,C,C,G,C,A,T,C,T,A,G,G,G,C,G,C,T,EI
T,G,G,G,C,C,T,C,C,T,A,T,T,C,C,C,T,G,G,A,G,T,A,C,G,G,G,A,A,G,G,T,A,A,G,A,G,G,G,C,T,G,G,G,G,T,G,G,C,C,G,G,A,G,G,A,A,G,G,G,EI
T,C,G,T,C,G,T,G,G,A,T,G,A,T,C,T,G,C,T,G,G,C,C,A,C,T,G,G,T,G,G,T,A,A,G,G,G,T,C,T,C,C,C,C,G,C,A,G,C,C,A,A,C,T,C,T,G,T,G,C,EI
C,A,G,C,C,A,C,T,C,T,G,C,C,C,C,A,A,G,A,T,G,G,G,C,C,G,T,G,G,G,G,T,G,A,G,T,A,T,C,C,C,T,A,A,A,G,A,G,C,A,G,G,G,G,T,C,G,C,A,G,EI
C,T,G,G,A,T,G,A,G,C,T,G,A,A,G,A,A,G,G,A,G,G,T,G,G,C,A,A,T,G,G,T,G,A,G,G,G,A,A,C,T,G,C,T,G,G,G,C,C,A,T,G,G,A,G,G,A,G,G,G,EI
G,G,C,C,G,C,A,A,A,T,A,C,C,A,A,G,T,G,G,A,C,C,T,G,T,C,C,A,A,G,G,T,G,A,G,T,G,G,A,G,G,G,G,C,T,T,C,T,A,G,G,G,A,A,G,G,A,A,C,A,EI
G,C,C,A,T,G,G,A,G,G,A,T,G,A,A,C,C,A,T,C,C,A,A,C,G,A,C,A,A,T,G,T,G,A,G,C,C,C,A,C,A,C,G,C,C,T,G,A,C,C,C,G,G,G,A,A,C,A,G,C,EI
A,T,G,G,A,T,T,C,C,T,T,C,A,A,G,A,A,C,A,T,G,G,T,A,C,C,T,C,A,G,G,T,A,A,G,A,T,G,G,C,A,G,G,G,C,T,G,G,G,C,T,C,T,G,G,G,C,T,A,G,EI
C,T,C,C,G,G,A,T,C,A,T,C,T,C,T,T,C,T,C,A,T,G,G,C,T,G,T,A,A,G,G,T,G,A,G,G,A,G,G,T,C,A,T,A,C,C,A,G,A,G,C,A,A,G,C,A,G,T,T,G,EI
T,C,T,G,T,T,T,C,T,T,C,T,C,C,A,C,C,A,A,C,T,G,T,G,T,T,G,A,A,G,G,T,G,A,G,A,A,G,C,C,A,G,G,C,T,G,C,C,C,C,C,T,G,T,A,G,G,A,A,A,EI
G,T,G,C,C,T,G,A,G,G,G,G,C,T,T,C,T,G,G,C,C,A,C,T,G,T,C,A,C,T,G,T,G,A,G,T,G,G,G,T,C,A,G,G,C,T,G,A,G,G,T,G,C,C,A,C,C,A,G,G,EI
A,T,G,A,G,G,C,T,G,A,C,A,C,C,A,C,C,G,A,A,G,A,T,C,A,G,T,C,T,G,G,T,G,A,T,T,G,G,G,T,G,C,T,C,C,A,G,A,G,G,G,G,G,T,G,G,A,T,A,G,EI
A,T,T,C,C,T,T,T,C,A,A,C,T,C,T,A,C,C,A,A,C,A,A,G,T,A,C,C,A,G,G,T,C,T,G,C,T,T,G,G,G,T,T,G,C,C,A,G,G,A,C,A,G,A,G,G,A,A,G,A,EI
A,G,C,T,G,G,G,G,G,G,A,C,T,T,G,G,G,G,A,G,C,G,T,G,T,G,C,T,G,G,G,T,G,A,G,A,G,G,C,C,A,G,A,A,A,C,A,G,G,A,G,G,C,T,C,A,G,A,A,G,EI
G,T,G,G,G,C,A,A,G,T,G,C,C,G,A,A,G,C,G,C,A,G,G,C,A,T,C,A,A,G,G,T,A,C,T,G,G,C,C,T,C,C,C,A,T,C,C,T,C,C,C,C,T,C,C,A,T,T,C,T,EI
C,A,A,C,A,T,T,C,C,C,A,T,G,A,G,T,C,A,A,G,T,C,A,A,C,C,C,C,A,G,G,T,G,A,G,G,C,C,T,C,T,G,C,A,G,G,A,A,G,C,C,C,C,T,G,T,G,C,C,C,EI
C,T,C,A,T,C,A,T,T,G,T,G,G,A,G,G,G,A,T,G,T,C,A,G,A,G,G,C,A,G,G,T,G,A,G,C,A,C,A,G,C,C,A,C,G,G,G,A,G,G,C,A,G,A,T,G,A,C,A,G,EI
T,T,G,C,C,T,C,C,A,T,C,G,T,C,A,C,G,G,G,G,G,T,G,G,A,G,G,A,G,G,G,T,G,A,G,G,A,G,G,C,T,G,C,A,T,G,G,G,T,T,G,G,G,A,T,G,G,T,T,T,EI
A,T,C,C,T,T,T,G,C,A,T,T,G,A,C,C,T,G,G,G,C,A,C,A,G,A,T,A,T,G,G,T,G,A,G,C,G,C,A,G,G,A,G,G,T,G,G,A,G,G,A,G,G,G,G,A,C,A,G,G,EI
G,G,C,T,C,A,T,C,A,G,C,A,T,G,G,C,C,T,A,C,G,G,A,C,A,G,A,T,C,G,G,T,G,C,G,C,C,A,A,G,C,C,C,C,G,G,G,C,C,T,C,G,G,G,A,G,G,G,A,A,EI
G,A,T,C,T,G,G,A,G,G,A,C,A,G,C,T,A,T,G,G,A,C,A,G,G,A,G,T,G,G,G,T,G,A,G,T,G,G,T,G,C,T,G,T,G,T,A,A,A,C,A,C,A,G,C,G,C,A,C,A,EI
C,C,G,C,A,A,C,T,C,A,G,T,C,T,T,C,C,A,G,C,A,G,G,G,C,A,T,G,A,A,G,T,G,A,G,T,G,C,C,C,A,C,C,C,C,C,A,T,G,G,C,A,C,C,T,A,C,C,C,A,EI
G,G,G,T,G,T,A,G,C,C,C,T,C,C,G,C,A,T,G,T,A,C,C,C,G,C,T,C,A,A,G,T,G,A,G,T,G,T,C,T,C,T,T,T,C,G,G,G,C,G,G,C,C,T,G,A,G,T,A,G,EI
G,A,A,A,G,C,T,C,A,T,C,C,T,G,C,G,G,C,G,G,T,A,T,C,C,T,G,G,T,G,G,T,A,A,G,C,C,C,C,T,C,C,A,C,A,T,T,C,C,C,C,C,C,A,G,C,A,A,A,G,EI
T,G,C,G,G,G,C,C,G,C,T,C,C,G,A,C,G,G,C,G,G,T,C,C,A,T,C,C,T,G,G,T,A,A,G,T,G,C,T,T,T,T,C,T,C,T,A,G,G,A,G,C,T,A,A,C,G,T,T,C,EI
G,A,C,T,G,G,T,T,T,T,G,G,A,G,G,T,G,G,C,C,C,A,G,C,A,T,T,T,G,G,G,T,A,A,G,T,A,G,A,G,T,T,T,G,T,T,A,G,G,A,A,T,A,G,T,A,A,A,G,A,EI
T,G,A,T,G,A,A,A,G,A,G,G,T,C,C,C,A,T,C,A,A,A,A,C,C,A,A,A,C,A,G,T,A,A,G,T,T,G,C,T,C,T,T,A,T,T,G,C,A,T,C,T,A,T,G,C,A,C,A,A,EI
T,A,G,C,T,C,C,C,T,A,T,G,C,C,A,A,G,G,G,T,G,G,C,A,A,A,A,T,T,G,G,T,A,T,G,T,T,A,T,T,A,A,G,G,G,G,T,A,C,A,T,A,T,T,T,T,C,C,A,A,EI
G,T,T,A,T,C,A,A,C,T,T,A,A,A,A,G,A,T,G,C,C,A,C,C,T,C,T,A,A,G,G,T,A,A,G,C,A,T,T,G,A,G,C,T,A,A,T,T,G,A,T,G,T,C,C,A,C,G,T,G,EI
A,T,C,T,T,T,C,G,C,T,T,C,A,C,C,C,A,G,G,C,T,G,G,T,T,C,A,G,A,G,G,T,A,A,G,A,G,G,G,A,A,G,G,C,T,T,G,A,G,A,G,G,A,C,C,T,G,G,T,T,EI
A,C,C,A,A,G,A,A,G,G,G,A,T,C,T,A,T,C,A,C,C,T,C,T,G,T,A,C,A,G,G,T,A,A,G,A,A,A,A,A,T,T,A,C,A,T,A,G,A,T,G,A,A,G,A,T,C,T,G,A,EI
G,T,T,G,C,C,C,G,T,G,G,G,G,T,G,C,A,A,A,A,G,A,T,C,C,T,G,C,A,G,G,T,G,A,G,T,A,T,A,T,T,A,C,T,A,T,G,T,G,G,G,A,T,C,A,G,T,G,T,C,EI
C,C,A,T,C,A,A,A,G,G,A,T,T,C,C,A,G,C,A,G,A,T,T,T,T,G,G,C,A,G,G,T,G,A,G,A,T,T,T,T,G,A,G,T,A,C,A,A,A,T,C,T,T,G,A,A,T,G,T,T,EI
A,C,T,T,C,A,G,T,G,G,A,G,G,A,A,A,C,A,A,C,T,G,A,A,G,A,T,G,A,G,G,T,G,G,A,A,A,T,A,A,C,A,G,A,T,C,A,T,A,G,A,A,T,G,A,G,A,A,G,C,EI
G,C,C,T,C,G,G,A,C,T,T,G,G,A,A,A,C,G,T,C,C,G,G,G,T,T,A,C,A,G,G,T,G,A,G,A,G,C,G,G,A,G,G,G,C,A,G,C,T,C,A,G,G,G,G,G,A,T,T,G,EI
T,C,A,G,C,T,C,C,T,C,C,A,G,T,G,G,C,C,T,G,G,G,C,T,G,C,A,A,A,G,G,T,A,A,G,C,A,C,C,C,C,C,T,G,C,C,A,C,C,C,C,G,G,C,C,G,C,C,T,T,EI
C,T,C,G,C,G,T,C,G,C,A,T,T,T,G,G,C,C,G,C,C,T,C,C,C,T,A,C,C,G,G,T,G,A,G,T,T,C,T,C,T,C,C,A,G,G,A,G,C,C,C,T,G,G,G,T,A,C,T,T,EI
C,T,G,A,T,C,C,A,G,A,A,G,G,A,G,C,T,C,A,C,C,A,T,T,G,G,C,T,C,G,G,T,G,A,G,T,G,G,C,C,T,C,C,T,C,C,C,C,A,G,G,A,C,C,C,C,T,T,T,T,EI
C,C,T,T,T,C,T,C,C,T,A,C,C,C,A,C,T,G,G,G,G,C,T,G,A,G,G,C,A,G,G,T,G,A,G,T,G,A,C,C,A,T,C,C,C,C,A,C,C,C,T,C,A,G,A,G,G,C,C,T,EI
T,G,T,G,C,T,G,A,C,A,G,C,A,G,C,T,C,A,T,T,G,C,T,G,G,G,G,A,A,G,G,T,G,A,G,G,A,G,C,T,A,A,G,G,A,A,C,T,T,C,C,T,G,G,C,C,A,G,C,C,EI
A,C,C,A,T,C,C,A,G,A,A,T,G,A,C,A,T,C,A,T,G,T,T,A,T,T,G,C,A,G,G,T,A,C,C,A,C,C,T,A,C,C,T,G,G,C,C,C,T,C,T,G,G,C,T,C,C,T,T,C,EI
G,A,C,C,G,G,C,G,G,G,A,A,C,G,G,A,A,G,G,C,T,G,C,C,T,T,C,A,A,G,G,T,A,A,G,G,C,A,T,G,G,G,C,A,T,T,G,G,C,C,A,A,C,A,C,A,C,C,C,C,EI
T,T,T,C,C,A,T,T,T,A,A,T,C,C,A,T,T,C,G,A,T,C,T,C,A,C,C,A,A,G,G,T,G,A,G,T,C,A,G,T,A,A,A,C,A,A,C,T,A,T,A,T,T,G,T,T,T,T,C,T,EI
T,G,C,T,T,G,G,G,C,T,T,C,A,G,G,G,C,T,G,C,C,T,G,G,C,T,G,C,A,G,G,T,G,C,G,T,C,C,G,G,G,G,A,G,G,T,T,T,T,C,T,C,C,A,T,A,A,A,C,T,EI
A,C,A,T,G,C,C,G,T,G,G,A,A,G,C,C,G,G,G,G,C,C,T,C,A,C,A,G,A,G,G,T,G,A,G,C,A,G,G,G,A,C,T,G,C,C,A,C,T,G,G,T,T,T,T,G,T,C,C,T,EI
C,G,G,G,A,G,A,T,C,T,T,C,A,A,G,G,A,C,G,C,G,G,A,G,A,G,G,A,C,G,G,T,G,A,G,C,C,C,A,G,C,C,T,C,G,G,G,G,C,G,C,C,C,C,G,C,G,C,G,G,EI
T,T,C,A,G,A,A,G,C,T,G,T,T,C,T,G,G,A,T,T,T,C,T,T,A,C,A,G,T,G,G,T,G,A,G,T,G,G,A,T,G,A,T,C,A,C,C,A,C,C,A,G,T,C,C,T,G,C,C,T,EI
C,T,G,C,C,T,T,C,G,A,G,G,G,C,C,G,G,A,A,C,T,G,T,G,A,G,A,C,G,C,G,T,A,A,G,G,C,C,C,C,A,C,T,T,T,G,G,G,T,C,C,C,A,T,A,T,T,T,G,C,EI
T,G,G,C,A,G,A,C,G,G,G,G,T,G,T,C,C,T,G,C,A,C,A,C,C,C,A,C,A,G,G,T,G,A,C,C,A,G,G,C,T,T,C,A,T,G,T,C,C,C,A,G,T,C,C,C,A,G,A,T,EI
G,T,G,T,G,C,C,C,C,A,A,A,G,G,G,G,A,G,T,G,T,C,C,A,T,G,G,C,A,G,G,T,A,A,G,G,C,T,T,C,C,C,C,T,G,G,C,T,T,C,A,G,G,A,T,T,C,C,A,A,EI
A,G,A,A,C,T,G,G,A,G,G,A,A,C,C,T,G,A,T,C,G,C,G,G,T,G,C,T,G,G,G,T,G,G,G,T,A,C,C,A,C,T,C,T,C,C,C,C,T,G,T,C,C,G,A,C,C,G,C,G,EI
C,A,G,T,G,A,A,C,G,A,C,G,G,A,G,G,C,T,G,T,A,T,C,C,C,C,C,G,A,G,G,T,A,A,C,A,G,T,G,C,C,T,G,A,G,G,C,G,C,G,G,G,A,G,G,A,G,G,C,G,EI
A,T,G,G,T,G,G,C,T,G,G,A,G,A,T,G,A,G,G,A,G,A,C,C,T,A,T,G,A,G,G,T,A,G,G,G,G,G,T,C,C,C,C,A,G,A,G,T,C,T,C,C,C,T,G,A,T,G,A,T,EI
A,A,G,C,A,C,A,C,C,A,C,G,G,A,T,C,T,A,G,A,T,G,C,C,A,G,T,A,A,A,G,T,G,A,G,T,T,C,A,A,A,T,A,T,C,C,C,A,C,T,T,C,T,G,A,T,T,T,G,C,EI
A,C,A,G,A,G,G,C,T,G,A,A,C,A,G,C,A,G,C,A,G,C,T,T,A,T,T,G,A,T,G,T,G,A,G,G,G,C,C,T,T,A,A,G,A,G,G,G,T,G,C,T,G,G,T,T,G,G,T,G,EI
T,C,G,A,G,A,C,T,G,G,C,C,A,G,A,T,G,C,T,C,G,T,G,G,A,A,T,T,T,G,G,T,A,T,G,A,A,G,C,T,G,C,T,C,A,T,T,A,C,C,T,C,T,T,T,T,G,T,C,T,EI
T,T,T,G,A,A,A,G,A,T,T,C,T,G,C,C,G,A,G,G,C,C,T,C,A,A,A,G,A,G,G,T,T,A,G,A,G,A,A,G,A,C,T,A,T,G,T,A,G,G,G,G,A,G,C,T,A,G,G,T,EI
G,T,G,C,A,C,A,T,C,A,A,A,C,T,G,C,C,C,C,T,G,C,T,A,A,G,C,A,A,A,G,T,A,A,A,G,G,A,G,T,T,G,T,G,G,G,G,T,T,A,C,A,G,A,G,G,G,G,T,G,EI
T,C,T,A,A,T,T,T,G,G,A,C,C,G,A,C,T,A,G,G,C,A,A,A,T,C,A,G,A,G,G,T,G,A,G,A,T,C,C,T,A,A,G,G,G,A,T,T,A,G,G,A,C,A,A,G,G,A,G,A,EI
C,C,A,T,C,T,A,C,A,G,G,C,T,C,C,A,C,C,T,T,G,G,G,C,T,G,C,A,A,G,G,T,G,A,G,A,G,G,C,T,G,A,T,C,T,C,G,C,T,C,T,G,G,C,C,C,T,C,A,C,EI
A,C,T,T,T,G,C,T,G,G,C,A,G,A,C,C,T,G,A,G,C,C,A,C,T,T,A,C,C,T,G,T,A,A,G,G,G,C,T,G,G,G,G,G,C,A,T,T,T,T,T,T,C,T,T,T,C,T,T,A,EI
G,T,G,G,A,G,C,A,G,C,T,G,A,C,C,C,A,G,G,A,G,T,T,C,T,G,T,G,A,G,G,T,A,A,G,G,C,T,G,G,G,C,T,C,C,T,G,A,G,G,C,C,A,C,C,T,C,G,G,G,EI
T,G,T,T,A,C,C,T,C,A,C,C,T,T,C,G,G,A,G,A,C,A,A,G,A,T,C,A,A,G,G,T,G,C,C,T,C,A,C,A,G,C,C,C,C,T,C,A,G,G,C,C,C,A,C,C,C,C,C,A,EI
C,A,A,A,T,T,G,T,G,G,A,C,G,T,G,A,T,T,C,C,C,T,T,T,C,T,C,A,G,G,G,T,G,A,G,G,A,C,C,T,G,G,A,G,C,C,T,A,G,A,C,A,C,C,C,C,T,G,G,G,EI
A,T,C,G,T,G,G,A,G,A,T,G,C,A,G,C,T,G,A,G,G,C,A,G,C,A,C,A,A,G,G,T,G,G,G,G,A,C,T,G,T,A,C,G,T,G,G,A,C,G,G,C,C,T,C,C,C,C,T,C,EI
G,C,C,G,T,G,G,T,T,T,T,T,T,T,G,C,T,T,C,A,C,C,A,C,C,C,T,G,A,G,G,T,G,C,G,T,C,C,T,G,G,G,G,A,C,A,A,G,C,A,A,A,A,G,G,C,T,C,C,T,EI
C,T,T,G,C,C,C,C,A,C,C,G,C,A,C,C,A,C,A,C,G,G,C,C,C,A,G,C,A,G,G,T,G,A,C,T,C,C,C,G,A,G,G,G,T,T,G,G,G,G,A,T,G,A,G,T,G,A,G,G,EI
T,C,T,G,G,G,A,G,A,G,G,C,C,A,C,A,T,G,A,G,T,T,C,T,G,G,C,C,T,G,G,T,A,T,G,T,G,G,G,G,G,G,C,C,G,G,G,G,G,C,C,T,G,C,C,G,T,G,A,A,EI
C,C,A,T,C,T,A,C,A,G,G,C,T,C,C,A,C,C,T,T,G,G,G,C,T,G,C,A,A,G,G,T,G,A,G,A,G,G,C,T,G,A,T,C,T,C,G,C,T,C,T,G,G,C,C,C,T,C,A,C,EI
A,C,T,T,T,G,C,T,G,G,C,A,G,A,C,C,T,G,A,G,C,C,A,C,T,T,A,C,C,T,G,T,A,A,G,G,G,C,T,G,G,G,G,G,C,A,T,T,T,T,T,T,C,T,T,T,C,T,T,A,EI
G,T,G,G,A,G,C,A,G,C,T,G,A,C,C,C,A,G,G,A,G,T,T,C,T,G,T,G,A,G,G,T,A,A,G,G,C,T,G,G,G,C,T,C,C,T,G,A,G,G,C,C,A,C,C,T,C,G,G,G,EI
T,G,T,T,A,C,C,T,C,A,C,C,T,T,C,G,G,A,G,A,C,A,A,G,A,T,C,A,A,G,G,T,G,C,C,T,C,A,C,A,G,C,C,C,C,T,C,A,G,G,C,C,C,A,C,C,C,C,C,A,EI
C,A,A,A,T,T,G,T,G,G,A,C,G,T,G,A,T,T,C,C,C,T,T,T,C,T,C,A,G,G,G,T,G,A,G,G,A,C,C,T,G,G,A,G,C,C,T,A,G,A,C,A,C,C,C,C,T,G,G,G,EI
A,T,C,G,T,G,G,A,G,A,T,G,C,A,G,C,T,G,A,G,G,C,A,G,C,A,C,A,A,G,G,T,G,G,G,G,A,C,T,G,T,G,T,G,T,G,G,A,C,G,G,C,C,T,C,C,C,C,T,C,EI
G,C,C,G,T,G,G,T,T,T,T,T,T,T,G,C,T,T,C,A,C,C,A,C,C,C,T,G,A,G,G,T,G,C,G,T,C,C,T,G,G,G,G,A,C,A,A,G,C,A,A,A,A,G,G,C,T,C,C,T,EI
C,T,T,G,C,C,C,C,A,C,C,G,C,A,C,C,A,C,A,C,G,G,C,C,C,A,G,C,A,G,G,T,G,A,C,T,C,T,C,C,G,A,G,G,G,T,T,G,G,G,G,A,T,G,A,G,T,G,A,G,EI
T,C,T,G,G,G,A,G,A,G,G,C,C,A,C,A,T,G,A,G,T,T,C,T,G,G,C,C,T,G,G,T,A,T,G,T,G,G,G,G,G,G,C,C,G,G,G,G,G,C,C,T,G,C,C,G,T,G,A,A,EI
C,C,A,G,C,C,T,C,T,C,T,C,A,T,G,C,T,T,T,T,G,G,C,C,A,G,A,C,A,G,G,T,A,A,G,G,G,C,C,A,C,C,C,C,A,G,G,C,T,A,T,G,G,G,A,G,A,G,T,T,EI
C,C,A,G,C,C,T,C,T,C,T,C,A,T,G,C,T,T,T,T,G,G,C,C,A,G,A,C,A,G,G,T,A,A,G,G,G,C,C,A,C,C,C,C,A,G,G,C,T,A,T,G,G,G,A,G,A,G,T,T,EI
C,A,T,C,T,G,C,T,C,A,C,T,T,C,C,T,T,C,A,A,A,A,T,G,G,G,A,A,A,G,G,T,A,A,G,T,C,C,T,G,G,G,T,A,C,C,G,G,A,T,G,C,T,C,A,G,C,C,T,T,EI
T,C,C,A,T,C,C,G,C,T,C,C,T,G,C,T,G,C,C,T,C,A,T,C,C,C,C,C,C,G,G,T,G,A,G,T,G,T,G,G,C,T,C,T,G,T,C,T,T,T,G,C,C,T,T,C,C,A,T,C,EI
C,A,T,C,A,T,C,C,G,T,G,T,C,A,A,C,C,A,G,C,C,A,T,G,G,G,G,A,A,G,G,T,G,A,G,C,A,G,A,A,C,A,C,A,A,A,T,T,A,A,A,T,A,A,A,A,T,G,A,A,EI
T,C,C,A,T,C,C,G,C,T,C,C,T,G,T,T,G,T,C,T,C,A,T,C,C,C,C,C,A,A,G,T,G,A,G,T,T,T,T,C,T,A,G,A,T,T,T,C,C,A,T,C,A,T,G,C,C,G,C,C,EI
G,G,A,C,A,G,C,T,C,A,C,C,T,A,G,T,G,G,C,A,A,T,G,G,C,T,C,C,A,G,G,T,A,A,G,C,G,C,C,C,C,T,A,A,A,A,T,C,C,C,T,T,T,G,G,G,C,A,C,A,EI
C,A,G,C,T,G,G,C,C,A,T,T,G,A,C,A,C,C,T,A,C,C,A,G,G,A,G,T,T,T,G,T,A,A,G,T,T,C,T,T,G,G,G,G,A,A,T,G,G,G,T,G,C,G,G,G,T,C,A,G,EI
T,C,C,A,A,C,A,T,G,G,A,G,G,A,A,A,C,G,C,A,A,C,A,G,A,A,A,T,C,C,G,T,G,A,G,T,G,G,A,T,G,C,C,G,T,C,T,C,C,C,C,T,A,G,G,C,G,G,G,G,EI
C,T,A,G,A,G,G,A,A,G,G,C,A,T,C,C,A,A,A,C,G,C,T,G,A,T,G,G,G,G,G,T,G,A,G,G,G,T,G,G,C,G,C,C,A,G,G,G,G,T,C,A,C,C,A,A,T,C,T,T,EI
A,A,C,C,T,G,A,G,T,A,G,A,G,A,C,A,C,T,G,C,T,G,C,T,G,A,G,A,T,G,G,T,A,A,G,T,G,A,G,A,G,A,A,T,G,T,G,G,G,C,C,T,G,T,G,C,C,T,A,G,EI
G,A,A,G,T,C,A,T,C,T,C,A,G,A,A,A,T,G,T,T,T,G,A,C,C,T,C,C,A,G,G,T,A,A,G,A,T,G,C,T,T,C,T,C,T,C,T,G,A,C,A,T,A,G,C,T,T,T,C,C,EI
C,A,C,T,A,C,A,A,G,C,A,G,C,A,C,T,G,C,C,C,T,C,C,A,A,C,C,C,C,G,G,T,G,A,G,T,G,C,C,T,A,C,G,G,C,A,G,G,G,C,C,T,C,C,A,G,C,A,G,G,EI
C,C,T,T,C,C,T,C,C,T,G,C,T,G,C,C,C,A,G,G,G,C,A,G,A,T,G,C,A,G,G,T,G,A,G,T,G,A,C,C,G,T,C,T,C,C,A,C,C,C,T,C,G,G,G,G,G,C,C,C,EI
C,G,T,G,C,T,G,A,C,A,G,C,T,G,C,T,C,A,C,T,G,T,T,G,G,G,G,A,A,G,G,T,G,A,G,G,A,G,C,A,G,A,A,A,A,C,A,G,C,C,C,A,C,A,C,C,C,T,C,C,EI
A,A,C,T,T,C,T,C,C,A,A,C,G,A,C,A,T,C,A,T,G,C,T,A,C,T,G,C,A,G,G,T,N,A,G,G,C,A,C,A,C,T,C,C,T,G,C,C,A,C,T,C,T,T,G,C,T,C,T,T,EI
G,A,C,C,C,A,G,A,G,A,T,T,A,A,A,A,A,G,A,C,T,T,C,C,T,T,T,A,A,G,G,T,A,A,G,A,C,T,A,T,G,C,A,C,C,T,G,C,C,T,G,G,A,T,T,G,G,C,T,C,EI
C,C,C,G,G,G,C,A,G,C,T,C,C,C,G,C,T,A,C,G,G,A,C,A,C,C,T,C,A,G,G,T,G,A,G,C,G,C,T,G,G,G,C,C,G,G,G,C,C,C,C,G,G,C,C,T,C,C,G,C,EI
T,G,G,C,C,T,C,C,T,C,T,C,T,T,C,C,T,T,G,G,A,C,C,A,C,A,C,C,A,G,G,T,G,T,G,C,A,G,C,T,G,G,C,T,G,G,C,T,G,G,C,T,G,G,C,A,G,C,G,G,EI
G,A,G,G,A,T,G,A,A,G,C,T,A,A,G,G,A,G,C,T,G,G,C,T,G,C,G,G,A,G,G,T,G,T,G,G,G,G,T,C,T,G,G,G,A,T,G,C,C,T,G,G,G,A,C,C,C,A,G,G,EI
C,C,C,T,G,A,C,C,T,C,A,G,C,T,A,C,A,T,C,G,T,G,C,G,A,G,C,T,A,G,G,T,A,C,A,C,G,G,G,C,T,G,C,C,C,A,T,G,G,G,G,T,G,G,T,G,C,T,G,G,EI
T,C,T,A,C,A,C,A,G,A,T,G,T,C,T,T,A,G,A,G,T,T,T,G,A,C,G,A,T,G,G,T,A,A,G,A,G,G,C,C,T,C,C,A,G,T,C,T,C,C,T,A,C,C,C,C,C,A,G,G,EI
C,A,C,G,A,C,C,A,T,C,G,A,A,A,A,C,G,C,A,T,G,G,G,G,C,T,C,A,A,G,G,T,A,A,A,A,G,G,G,T,T,G,G,G,A,G,G,C,C,A,T,G,G,T,G,G,G,T,A,T,EI
A,G,T,G,T,T,C,G,T,T,G,T,G,C,C,A,G,C,G,A,C,T,A,A,A,A,A,G,A,G,G,T,G,A,G,A,G,C,G,G,G,T,C,G,C,G,G,A,G,G,C,C,G,C,A,C,C,T,G,G,EI
A,C,T,C,T,T,A,C,A,C,A,G,C,C,G,C,C,A,A,T,A,A,G,A,A,C,A,A,A,G,G,T,A,A,G,A,G,T,C,A,C,T,T,G,T,T,A,A,A,T,A,A,A,A,C,A,A,C,A,C,EI
T,T,G,A,A,G,A,A,T,A,T,T,C,C,C,A,A,G,T,C,C,T,T,C,A,C,C,C,G,G,G,T,A,A,G,A,G,A,A,A,T,A,G,T,G,T,T,G,A,T,T,T,T,A,G,G,G,A,G,A,EI
T,C,C,C,C,G,C,G,T,T,C,C,A,T,G,C,G,C,A,C,A,G,G,G,A,C,A,G,G,G,G,T,G,A,G,T,C,C,G,C,G,T,C,C,C,T,G,G,C,A,C,G,G,A,G,C,G,G,G,G,EI
T,C,C,T,G,C,T,G,G,A,A,G,C,A,C,T,C,A,G,G,A,A,G,A,C,C,C,A,A,G,G,T,G,C,G,T,A,T,C,T,G,C,T,G,C,C,T,A,G,C,A,G,G,G,C,C,C,A,G,T,EI
T,T,C,C,A,C,C,T,A,C,T,C,A,G,C,A,C,T,C,C,C,T,G,G,C,T,C,C,A,G,G,T,G,A,A,G,C,C,A,C,T,T,T,C,C,T,C,T,T,T,C,A,T,C,A,G,T,C,A,T,EI
A,C,C,G,A,C,T,G,C,C,T,G,C,T,C,G,T,G,G,A,A,A,T,G,G,A,G,A,A,G,G,T,A,G,G,C,T,C,G,G,C,C,T,C,C,C,A,T,G,A,T,G,T,G,G,G,C,T,C,T,EI
T,G,A,T,T,C,T,C,A,T,G,A,A,A,T,A,C,C,C,T,G,A,G,A,T,C,G,A,A,G,G,T,A,G,G,C,A,A,G,T,G,A,C,T,G,A,A,G,G,G,A,C,A,C,C,G,T,G,C,G,EI
A,C,C,A,T,T,T,T,C,A,G,A,G,G,A,T,A,C,C,T,C,A,T,C,C,C,C,A,A,G,G,T,T,A,A,G,C,A,A,T,G,A,G,C,C,T,G,C,A,G,C,A,C,A,C,A,G,C,A,T,EI
A,C,A,G,T,G,A,C,T,A,T,T,T,C,A,A,G,C,C,A,T,T,T,T,C,C,A,C,A,G,G,T,G,A,G,A,A,A,G,A,T,C,A,G,A,G,G,C,A,G,T,A,C,C,T,T,C,C,C,T,EI
C,C,A,C,T,T,C,A,G,G,T,A,C,T,A,C,C,C,G,T,C,T,T,C,T,A,T,C,T,G,G,T,T,C,T,C,G,T,C,C,T,G,T,C,A,C,C,C,A,G,G,C,T,G,G,T,A,T,G,C,EI
G,C,T,C,G,A,C,G,A,C,C,T,G,C,A,G,C,G,G,C,T,C,A,A,G,G,C,C,A,A,G,T,G,A,G,G,G,C,C,C,G,G,C,A,C,C,C,C,A,G,A,C,T,C,C,T,C,T,T,T,EI
G,C,A,G,A,G,A,A,C,A,A,T,T,T,G,G,C,T,G,C,C,T,T,C,C,G,A,G,C,G,G,T,G,A,G,T,G,C,C,C,T,T,C,T,T,T,T,C,C,C,C,T,T,G,C,A,T,G,G,C,EI
A,T,C,G,C,G,T,T,C,C,T,T,A,A,G,A,A,A,G,T,G,C,A,T,G,A,A,G,A,G,G,T,A,T,A,C,T,T,G,G,C,C,C,C,T,C,T,T,C,C,T,G,G,G,G,T,C,A,C,T,EI
T,C,T,G,A,A,G,C,T,G,A,G,G,A,G,T,G,G,T,A,C,A,A,G,T,C,G,A,A,G,G,T,G,G,G,T,G,G,C,C,T,C,G,C,C,C,G,G,G,G,A,C,T,G,G,G,A,T,C,T,EI
A,C,C,T,G,C,G,A,G,A,T,T,G,A,C,G,C,C,C,T,C,A,A,G,G,G,C,A,C,T,G,T,G,A,G,T,C,C,C,T,G,C,C,C,A,C,C,T,G,G,G,C,C,A,G,G,C,C,C,T,EI
C,C,G,G,A,A,G,C,T,G,C,T,G,G,A,G,G,G,A,G,A,G,G,A,G,A,G,C,C,G,G,T,G,A,G,G,G,G,C,C,A,G,G,C,A,G,G,A,G,C,C,G,A,G,T,G,G,G,A,G,EI
T,C,C,A,G,A,C,C,T,A,C,T,C,T,G,C,C,C,T,C,A,A,C,T,T,C,C,G,A,G,G,T,G,A,G,T,G,T,C,T,G,C,T,G,G,A,G,G,C,G,G,A,G,G,C,T,G,G,A,G,EI
A,T,C,A,A,G,A,C,C,A,T,C,G,A,G,A,C,A,C,G,G,G,A,T,G,G,G,G,A,G,G,T,A,A,G,T,G,G,T,C,T,G,T,C,T,G,G,G,C,T,C,C,T,T,A,C,C,C,T,T,EI
T,G,G,C,T,T,C,A,G,A,T,C,C,A,T,C,C,C,A,G,A,G,C,T,T,C,A,A,A,G,G,T,A,T,A,G,A,T,A,G,G,C,A,G,G,G,A,C,A,G,G,G,A,G,G,G,A,G,A,G,EI
G,C,G,T,G,A,C,T,G,A,G,G,G,C,C,G,C,G,T,G,G,A,C,G,T,G,C,T,G,G,G,T,G,A,G,C,C,T,C,C,T,G,G,A,A,G,C,A,T,A,T,G,G,G,C,T,C,C,T,A,EI
T,G,G,T,G,A,C,C,G,G,G,A,G,C,G,T,G,G,G,A,G,G,A,T,T,G,A,T,G,G,G,T,G,A,G,T,G,G,T,A,G,G,G,A,G,T,G,G,C,C,T,C,G,G,C,A,G,C,T,C,EI
G,G,C,G,G,T,T,C,T,G,C,T,G,C,T,G,C,C,C,T,T,T,G,G,G,G,T,C,C,A,G,T,G,A,G,T,C,A,A,C,A,C,C,C,C,C,G,T,T,C,C,C,C,G,A,A,C,C,C,T,EI
G,C,G,G,C,G,C,A,G,A,A,C,C,C,T,G,A,G,G,A,G,G,T,G,G,C,G,G,A,G,G,T,G,A,G,C,G,C,C,G,G,G,C,T,G,G,A,C,T,C,C,A,G,G,A,G,T,G,G,G,EI
T,T,T,C,G,C,A,A,C,G,G,G,T,T,T,G,C,C,G,C,C,A,G,A,A,C,A,C,A,G,G,T,A,A,G,T,G,C,C,G,T,G,T,G,T,G,G,T,T,C,C,C,G,C,G,G,G,C,C,T,EI
A,T,T,G,A,A,A,A,A,T,T,T,G,A,G,A,A,G,G,A,G,G,C,T,G,C,T,G,A,G,G,T,A,T,G,T,T,T,A,A,T,A,C,C,A,G,A,A,A,G,G,G,A,A,A,G,A,T,C,A,EI
A,T,C,A,A,A,A,A,C,A,T,G,A,T,T,A,C,A,G,G,G,A,C,A,T,C,T,C,A,G,G,T,T,G,G,G,A,T,T,A,A,T,A,A,T,T,C,T,A,G,G,T,T,T,C,T,T,T,A,T,EI
G,G,T,G,A,C,A,A,C,A,T,G,C,T,G,G,A,G,C,C,A,A,G,T,G,C,T,A,A,C,G,T,A,A,G,T,G,G,C,T,T,T,C,A,A,G,A,C,C,A,T,T,G,T,T,A,A,A,A,A,EI
T,G,C,C,T,C,T,C,C,A,G,G,A,T,G,T,C,T,A,C,A,A,A,A,T,T,G,G,T,G,G,T,A,A,G,T,T,G,G,C,T,G,T,A,A,A,C,A,A,A,G,T,T,G,A,A,T,T,T,G,EI
C,C,A,A,T,G,G,A,A,G,C,A,G,C,T,G,G,C,T,T,C,A,C,T,G,C,T,C,A,G,G,T,A,A,C,A,A,T,T,T,A,A,A,G,T,A,A,C,A,T,T,A,A,C,T,T,A,T,T,G,EI
T,T,G,A,G,A,G,C,T,T,C,T,C,A,G,A,C,T,A,T,C,C,A,C,C,T,T,T,G,G,G,T,A,A,G,G,A,T,G,A,C,T,A,C,T,T,A,A,A,T,G,T,A,A,A,A,A,A,G,T,EI
C,C,C,G,G,C,C,A,G,G,C,G,C,G,G,A,G,A,T,G,G,G,G,G,T,G,C,A,C,G,G,T,G,A,G,T,A,C,T,C,G,C,G,G,G,C,T,G,G,G,C,G,C,T,C,C,C,G,C,C,EI
T,T,G,G,A,G,G,C,C,A,A,G,G,A,G,G,C,C,G,A,G,A,A,T,A,T,C,A,C,G,G,T,G,A,G,A,C,C,C,C,T,T,C,C,C,C,A,G,C,A,C,A,T,T,C,C,A,C,A,G,EI
G,T,T,A,A,T,T,T,C,T,A,T,G,C,C,T,G,G,A,A,G,A,G,G,A,T,G,G,A,G,G,T,G,A,G,T,T,C,C,T,T,T,T,T,T,T,T,T,T,T,T,T,T,T,C,C,T,T,T,C,EI
A,C,C,A,C,T,C,T,G,C,T,T,C,G,G,G,C,T,C,T,G,G,G,A,G,C,C,C,A,G,G,T,G,A,G,T,A,G,G,A,G,C,G,G,A,C,A,C,T,T,C,T,G,C,T,T,G,C,C,C,EI
C,C,C,G,G,C,C,A,G,G,C,G,C,G,G,A,G,A,T,G,G,G,G,G,T,G,C,A,C,G,G,T,G,A,G,T,A,C,T,C,G,C,G,G,G,C,T,G,G,G,C,G,C,T,C,C,C,G,C,C,EI
T,T,G,G,A,G,G,C,C,A,A,G,G,A,G,G,C,C,G,A,G,A,A,T,A,T,C,A,C,G,G,T,G,A,G,A,C,C,C,C,T,T,C,C,C,C,A,G,C,A,C,A,T,T,C,C,A,C,A,G,EI
G,T,T,A,A,T,T,T,C,T,A,T,G,C,C,T,G,G,A,A,G,A,G,G,A,T,G,G,A,G,G,T,G,A,G,T,T,C,C,T,T,T,T,T,T,T,T,T,T,T,T,T,T,T,C,C,T,T,T,C,EI
A,C,C,A,C,T,C,T,G,C,T,T,C,G,G,G,C,T,C,T,G,G,G,A,G,C,C,C,A,G,G,T,G,A,G,T,A,G,G,A,G,C,G,G,A,C,A,C,T,T,C,T,G,C,T,T,G,C,C,C,EI
G,A,A,T,T,T,T,T,G,C,C,A,A,G,C,A,G,G,A,A,A,A,G,A,A,C,T,C,A,G,G,T,G,A,G,C,A,G,A,A,A,C,A,C,C,T,T,T,G,C,T,T,T,T,C,A,A,T,C,A,EI
A,A,A,A,C,T,A,T,G,A,C,A,A,G,T,T,C,A,T,G,G,A,A,A,A,A,A,T,G,G,G,T,A,A,A,G,A,C,T,T,T,A,T,T,T,C,T,T,T,G,T,G,G,C,T,C,A,T,T,C,EI
T,A,C,A,A,C,C,T,A,G,C,A,G,A,C,G,G,A,A,C,T,G,A,A,C,T,C,A,G,G,G,T,A,A,G,A,A,T,T,T,T,T,T,T,T,T,T,T,A,T,G,A,G,C,A,A,T,G,C,A,EI
C,G,A,G,A,A,A,T,T,A,T,A,G,G,T,G,A,T,G,A,A,C,T,A,G,T,C,C,A,G,G,T,G,A,G,T,T,G,T,C,A,A,A,T,T,T,A,T,A,G,C,T,A,T,T,T,T,C,A,A,EI
T,A,G,G,A,T,A,T,C,T,A,C,T,C,A,G,T,G,C,T,G,A,A,T,G,T,A,C,A,G,G,T,T,T,G,T,T,T,C,C,T,T,T,T,T,T,A,A,A,A,T,A,C,A,T,T,G,A,G,T,EI
C,G,A,G,A,A,G,T,T,T,T,T,G,A,A,A,A,C,A,C,T,G,A,A,A,G,A,A,C,A,G,T,G,A,G,T,A,T,T,T,C,C,A,C,A,T,A,A,T,A,C,C,C,T,T,C,A,G,A,T,EI
T,A,T,A,G,A,C,T,G,A,A,T,T,T,T,G,G,A,A,G,C,A,G,T,A,T,G,T,T,G,G,T,A,A,G,C,A,A,T,T,C,A,T,T,T,T,A,T,C,C,T,C,T,A,G,C,T,A,A,T,EI
T,T,G,G,A,T,T,T,G,A,A,G,G,A,A,A,G,A,A,C,T,G,T,G,A,A,T,T,A,G,G,T,A,A,G,T,A,A,C,T,A,T,T,T,T,T,T,G,A,A,T,A,C,T,C,A,T,G,G,T,EI
C,A,G,A,A,A,A,C,C,A,G,A,A,G,T,C,C,T,G,T,G,A,A,C,C,A,G,C,A,G,G,T,C,A,T,A,A,T,C,T,G,A,A,T,A,A,G,A,T,T,T,T,T,T,A,A,A,G,A,A,EI
G,A,T,G,C,C,A,A,A,C,C,A,G,G,T,C,A,A,T,T,C,C,C,T,T,G,G,C,A,G,G,T,A,C,T,T,T,A,T,A,C,T,G,A,T,G,G,T,G,T,G,T,C,A,A,A,A,C,T,G,EI
A,A,A,C,T,G,G,T,G,T,T,A,A,A,A,T,T,A,C,A,G,T,T,G,T,C,G,C,A,G,G,T,A,A,A,T,A,C,A,C,A,G,A,A,A,G,A,A,T,A,A,T,A,A,T,C,T,G,C,A,EI
T,C,C,A,G,C,A,T,G,G,G,C,T,C,G,C,C,T,G,T,C,A,A,C,G,C,G,C,A,G,G,T,A,A,G,G,C,T,G,G,C,T,T,C,C,C,G,T,C,G,C,C,G,C,G,G,G,G,C,C,EI
A,G,C,A,T,T,G,G,C,A,G,G,A,G,G,G,G,C,A,A,G,G,T,G,G,A,A,C,A,G,G,T,G,A,G,G,A,A,C,T,C,T,A,G,C,G,T,A,C,T,C,T,T,C,C,T,G,G,G,A,EI
A,G,G,A,G,G,G,A,G,C,T,G,A,C,T,G,A,T,A,C,A,C,T,C,C,A,A,G,C,G,G,T,A,G,G,T,A,C,T,C,T,G,T,G,G,G,T,T,G,C,T,C,C,T,T,T,T,T,A,A,EI
T,G,C,T,T,G,G,G,C,T,T,C,A,G,G,G,C,T,G,C,C,T,G,G,C,T,G,C,A,G,G,C,G,G,G,G,T,C,G,C,T,A,A,G,G,C,C,T,C,A,G,G,A,G,G,A,G,A,A,A,EI
T,G,G,C,T,C,T,C,T,G,C,A,A,C,C,A,G,T,T,C,T,C,T,G,C,A,T,C,A,C,G,T,G,A,G,T,C,T,G,A,G,T,T,T,C,G,T,T,G,T,G,G,G,T,A,T,C,A,C,C,EI
G,A,G,C,A,G,C,C,A,G,T,G,C,T,C,C,A,A,G,C,C,C,G,G,T,G,T,C,A,T,G,T,A,A,G,T,G,C,C,A,G,T,C,T,T,C,C,T,G,C,T,C,A,C,C,T,C,T,A,T,EI
C,T,C,T,C,T,G,C,A,A,C,C,A,G,G,T,C,C,T,C,T,C,T,G,C,A,C,C,A,C,G,T,G,A,G,T,C,C,A,T,G,T,T,G,T,T,G,T,T,G,T,G,G,G,T,A,T,C,A,C,EI
G,A,G,C,A,G,C,C,A,G,T,G,C,T,C,C,A,A,G,C,C,C,A,G,T,G,T,C,A,T,G,T,A,A,G,T,G,C,C,A,G,T,C,T,T,C,C,T,G,C,T,C,A,C,C,T,C,T,A,G,EI
G,A,C,C,C,C,A,G,G,G,T,C,C,C,C,C,A,C,A,C,C,T,C,G,T,G,G,C,A,G,G,T,A,G,G,A,G,C,T,G,C,T,G,A,C,T,G,C,C,C,T,G,C,T,T,G,C,C,T,C,EI
C,G,T,G,G,C,A,C,C,A,C,A,C,A,C,C,T,C,C,C,A,G,C,T,C,T,G,C,A,G,G,T,G,A,G,A,A,A,A,C,C,C,A,G,G,A,G,G,A,G,A,G,G,G,G,A,G,A,G,G,EI
G,A,C,C,C,C,A,G,G,G,T,C,C,C,C,C,A,C,A,C,C,T,C,G,T,G,G,C,A,G,G,T,A,G,G,A,G,C,T,G,C,T,G,A,C,T,G,C,C,C,T,G,C,T,T,G,C,C,T,C,EI
G,G,G,A,T,G,G,A,G,T,T,T,T,C,A,A,G,T,C,C,T,T,C,C,A,G,A,G,A,G,G,T,A,A,G,A,G,A,G,A,G,A,G,C,T,C,C,C,A,A,T,C,A,G,C,A,T,T,G,T,EI
T,T,C,T,A,C,T,T,C,A,G,G,C,A,G,T,G,T,C,G,T,G,G,G,C,A,T,C,A,G,G,T,G,A,G,T,G,A,G,T,C,A,A,G,G,C,A,G,T,G,G,G,G,A,G,G,T,A,G,C,EI
G,G,C,C,C,A,T,C,C,A,G,G,C,T,A,A,T,C,A,C,A,C,G,G,G,C,A,C,A,G,G,T,A,A,C,C,A,T,T,A,C,A,C,C,C,C,T,C,A,C,C,C,C,C,T,G,G,G,C,C,EI
T,G,C,T,A,C,T,T,A,A,A,T,C,G,T,A,C,T,T,C,T,C,T,G,A,A,G,A,A,G,G,T,G,A,G,G,A,G,G,A,A,G,G,G,G,A,C,A,A,G,A,T,G,A,C,A,T,A,G,A,EI
A,G,C,C,T,C,C,C,A,G,A,G,G,A,A,G,A,T,A,C,C,A,A,G,C,T,C,A,A,G,G,T,A,G,G,C,A,T,T,C,T,A,G,C,T,T,T,T,T,C,A,G,G,C,C,C,T,G,A,G,EI
C,C,A,C,C,A,G,A,C,C,T,G,G,G,C,C,A,G,A,T,A,C,T,T,T,G,T,G,A,A,G,T,A,A,G,G,G,A,T,C,A,G,C,A,A,G,G,A,T,G,T,G,G,G,A,T,C,A,G,G,EI
C,G,C,T,T,G,C,T,G,C,T,G,C,C,C,C,A,C,T,G,G,G,C,A,A,A,G,G,T,G,G,T,A,A,G,G,C,C,T,G,G,A,C,C,T,C,C,A,T,G,G,T,G,C,T,C,C,A,G,T,EI
G,G,G,A,T,G,C,A,G,T,A,C,A,G,C,C,A,C,A,G,C,A,T,C,A,T,C,A,C,G,G,T,A,A,G,C,C,A,C,C,C,C,A,G,T,C,T,C,C,C,T,T,C,C,T,G,C,A,A,A,EI
G,C,C,C,A,T,G,T,T,C,T,A,C,C,A,C,C,T,T,G,G,C,C,A,C,T,T,C,A,G,G,T,G,A,G,T,G,G,A,G,G,G,C,G,G,G,C,A,C,C,C,C,C,A,T,T,C,C,A,T,EI
T,G,G,C,T,C,T,G,C,T,G,T,T,G,T,G,G,T,C,G,T,G,C,T,A,A,A,C,C,G,G,T,G,A,G,G,G,C,A,A,T,G,G,T,G,A,G,G,T,C,T,G,G,G,A,A,G,T,G,G,EI
G,A,C,A,T,C,A,A,C,T,T,C,C,T,C,A,T,C,A,A,C,A,A,G,A,T,G,C,A,G,G,T,A,G,G,C,T,G,C,A,G,G,G,G,G,A,G,C,C,C,A,T,G,G,G,A,A,A,G,A,EI
C,C,A,G,C,T,T,C,C,A,A,G,T,G,C,C,A,C,T,G,C,A,G,T,G,C,T,A,A,T,G,T,G,A,G,T,G,A,A,T,G,C,T,C,T,T,T,A,A,G,A,A,C,T,T,T,C,C,A,A,EI
A,C,C,A,G,T,T,G,T,C,T,C,T,G,T,T,T,G,G,G,C,A,T,T,C,C,C,T,C,T,G,T,A,A,G,T,A,T,A,G,T,G,A,A,A,T,A,A,C,A,T,A,A,T,G,T,T,G,A,C,EI
G,T,T,G,A,A,G,T,A,C,T,A,A,A,G,A,A,C,A,A,C,A,A,G,T,G,T,C,C,A,G,T,A,A,G,T,T,T,G,T,T,T,T,C,A,T,A,T,G,T,G,A,T,A,T,G,T,T,C,C,EI
T,T,C,C,C,T,T,C,A,A,G,A,C,A,C,A,G,A,G,G,A,G,A,A,A,T,C,C,A,G,G,T,A,T,T,A,A,A,T,C,C,G,T,A,G,T,C,T,C,G,A,A,C,T,A,A,C,A,T,A,EI
G,C,A,G,T,G,G,T,T,G,A,T,G,A,A,T,A,C,C,A,A,G,A,G,G,A,A,C,A,G,G,T,A,A,G,A,G,T,C,T,A,A,G,C,C,T,G,G,C,T,C,A,A,A,A,C,T,T,G,C,EI
T,T,G,G,C,T,G,G,T,G,A,A,A,G,G,C,C,G,A,G,G,A,A,G,G,C,G,A,G,A,G,T,A,A,G,T,C,T,G,T,A,C,A,T,T,C,T,T,A,T,T,T,G,A,C,A,T,T,T,T,EI
T,G,G,A,C,G,C,T,C,A,C,C,T,A,G,C,T,G,C,A,A,T,G,G,C,T,A,C,A,G,G,T,A,A,G,C,G,C,C,C,C,T,A,A,A,A,T,C,C,C,T,T,T,G,G,G,C,A,C,A,EI
C,A,G,C,T,G,G,C,C,T,T,T,G,A,C,A,C,C,T,A,C,C,A,G,G,A,G,T,T,T,G,T,A,A,G,C,T,C,T,T,G,G,G,G,A,A,T,G,G,G,T,G,C,G,C,A,T,C,A,G,EI
T,C,C,A,A,C,A,G,G,G,A,G,G,A,A,A,C,A,C,A,A,C,A,G,A,A,A,T,C,C,G,T,G,A,G,T,G,G,A,T,G,C,C,T,T,G,A,C,C,C,C,A,G,G,C,G,G,G,G,A,EI
C,T,A,G,A,G,G,A,A,G,G,C,A,T,C,C,A,A,A,C,G,C,T,G,A,T,G,G,G,G,G,T,G,G,G,G,G,T,G,G,C,G,C,T,A,G,G,G,G,T,C,C,C,C,A,A,T,C,T,T,EI
G,G,A,C,A,G,C,T,C,A,C,C,T,A,G,C,G,G,C,A,A,T,G,G,C,T,A,C,A,G,G,T,A,A,G,C,G,C,C,C,C,T,A,A,A,A,T,C,C,C,T,T,T,G,G,G,C,A,C,A,EI
C,A,G,C,T,G,G,C,C,T,T,T,G,A,C,A,C,C,T,A,C,C,A,G,G,A,G,T,T,T,G,T,A,A,G,C,T,C,T,T,G,G,G,G,A,A,T,G,G,G,T,G,C,G,C,A,T,C,A,G,EI
T,C,C,A,A,C,A,G,G,G,A,G,G,A,A,A,C,A,C,A,A,C,A,G,A,A,A,T,C,C,G,T,G,A,G,T,G,G,A,T,G,C,C,T,T,C,T,C,C,C,C,A,G,G,C,G,G,G,G,A,EI
C,T,A,G,A,G,G,A,A,G,G,C,A,T,C,C,A,A,A,C,G,C,T,G,A,T,G,G,G,G,G,T,G,A,G,G,G,T,G,G,C,G,C,C,A,G,G,G,G,T,C,C,C,C,A,A,T,C,C,T,EI
G,G,A,C,A,G,C,T,C,A,C,C,T,A,G,C,G,G,C,A,A,T,G,G,C,T,G,C,A,G,G,T,A,A,G,C,G,C,C,C,C,T,A,A,A,A,T,C,C,C,T,T,T,G,G,G,C,A,C,A,EI
A,C,C,A,G,G,A,G,T,T,T,A,T,A,A,G,C,T,C,T,T,G,G,G,G,A,A,T,G,G,G,T,G,C,G,G,G,T,C,A,G,G,G,G,T,G,G,C,A,A,G,A,A,G,G,G,G,T,G,A,EI
T,C,C,A,A,C,A,T,G,G,A,G,G,A,A,A,C,G,C,A,G,C,A,G,A,A,A,T,C,C,G,T,G,A,G,T,G,G,A,T,G,C,T,G,T,C,T,C,C,T,A,G,G,C,G,G,G,G,A,T,EI
C,T,A,G,A,G,G,A,A,G,G,C,A,T,C,C,A,A,A,T,G,C,T,G,A,T,G,G,G,G,G,T,G,A,G,G,G,T,G,G,C,A,C,C,A,G,G,G,G,T,C,C,C,C,A,A,T,C,C,T,EI
G,G,A,C,A,G,C,T,C,A,C,C,T,A,G,T,G,G,C,A,A,T,G,G,C,T,C,C,A,G,G,T,A,A,G,C,G,C,C,C,C,T,A,A,A,A,T,C,C,C,T,T,T,G,G,G,C,A,C,A,EI
C,A,G,C,T,G,G,C,C,A,T,T,G,A,C,A,C,C,T,A,C,C,A,G,G,A,G,T,T,T,G,T,A,A,G,T,T,C,T,T,G,G,G,G,A,A,T,G,G,G,T,G,C,G,G,G,T,C,A,G,EI
T,C,C,A,A,C,A,T,G,G,A,G,G,A,A,A,C,G,C,A,A,C,A,G,A,A,A,T,C,C,G,T,G,A,G,T,G,G,A,T,G,C,C,G,T,C,T,C,C,C,T,A,G,G,C,G,G,G,G,A,EI
C,T,A,G,A,G,G,A,A,G,G,C,A,T,C,C,A,A,A,C,G,C,T,G,A,T,G,G,G,G,G,T,G,A,G,G,G,T,G,G,C,G,C,C,A,G,G,G,G,T,C,A,C,C,A,A,T,C,C,T,EI
G,G,A,C,A,G,C,T,C,A,C,C,T,A,G,C,G,G,C,A,A,T,G,G,C,T,G,C,A,G,G,T,A,A,G,C,G,C,C,C,C,T,A,A,A,A,T,C,C,C,T,T,T,G,G,G,C,A,C,A,EI
C,A,G,C,T,G,G,C,A,T,A,T,G,A,C,A,C,C,T,A,T,C,A,G,G,A,G,T,T,T,G,T,A,A,G,C,T,C,T,T,G,G,G,T,A,A,T,G,G,G,T,G,C,G,C,T,T,C,A,G,EI
T,C,C,A,A,C,A,G,G,G,T,G,A,A,A,A,C,G,C,A,G,C,A,G,A,A,A,T,C,T,G,T,G,A,G,T,G,G,A,T,G,C,C,T,T,C,T,C,C,C,C,A,G,G,T,G,G,G,A,T,EI
C,T,A,G,A,G,G,A,A,G,G,C,A,T,C,C,A,A,A,C,G,C,T,G,A,T,G,T,G,G,G,T,G,A,G,G,G,T,G,G,C,A,C,C,A,G,G,G,A,T,C,C,C,A,A,T,C,C,T,G,EI
G,G,A,C,A,G,C,T,C,A,C,C,T,A,G,C,G,G,C,A,A,T,G,G,C,T,G,C,A,G,G,T,A,A,G,C,G,C,C,C,C,T,A,A,A,A,T,C,C,T,T,T,G,G,G,C,A,C,A,A,EI
C,A,G,C,T,G,G,C,C,A,T,T,G,A,C,A,C,C,T,A,C,C,A,G,G,A,G,T,T,T,G,T,A,A,G,T,T,C,T,T,G,G,G,G,A,A,T,G,G,G,T,G,C,G,G,G,T,C,A,G,EI
T,C,C,A,A,C,A,T,G,G,A,G,G,A,A,A,C,G,C,A,A,C,A,G,A,A,A,T,C,C,G,T,G,A,G,T,G,G,A,T,G,C,C,G,T,C,T,C,C,C,C,T,A,G,G,C,G,G,G,G,EI
C,T,A,G,A,G,G,A,A,G,G,C,A,T,C,C,A,A,A,C,G,C,T,G,A,T,G,G,G,G,G,T,G,A,G,G,G,T,G,G,C,G,C,C,A,G,G,G,G,T,C,G,C,C,A,A,T,C,C,T,EI
G,G,A,C,A,G,C,T,C,A,C,C,T,A,G,C,T,G,C,A,A,T,G,G,C,T,A,C,A,G,G,T,A,A,G,C,G,C,C,C,C,T,A,A,A,A,T,C,C,C,T,T,T,G,G,C,A,C,A,A,EI
C,A,G,C,T,G,G,C,C,T,T,T,G,A,C,A,C,C,T,A,C,C,A,G,G,A,G,T,T,T,G,T,A,A,G,C,T,C,T,T,G,G,G,G,A,A,T,G,G,G,T,G,C,G,C,A,T,C,A,G,EI
T,C,C,A,A,C,A,G,G,G,A,G,G,A,A,A,C,A,C,A,A,C,A,G,A,A,A,T,C,C,G,T,G,A,G,T,G,G,A,T,G,C,C,T,T,C,T,C,C,C,C,A,G,G,C,G,G,G,G,A,EI
C,T,A,G,A,G,G,A,A,G,G,C,A,T,C,C,A,A,A,C,G,C,T,G,A,T,G,G,G,G,G,T,G,A,G,G,G,T,G,G,C,G,C,C,A,G,G,G,G,T,C,C,C,C,A,A,T,C,C,T,EI
C,T,A,G,A,G,G,A,A,G,G,C,A,T,C,C,A,A,A,C,G,C,T,G,A,T,G,T,G,G,G,T,G,A,G,G,G,T,G,G,C,A,C,C,A,G,G,G,A,T,C,C,C,C,A,A,T,C,C,T,EI
C,T,G,T,G,C,C,T,T,C,G,G,A,G,G,T,C,T,T,T,C,T,G,C,C,T,G,C,C,T,G,T,A,A,G,C,C,G,G,G,G,T,T,G,G,T,G,C,T,G,G,G,G,C,A,G,G,A,G,A,EI
C,G,G,C,A,T,C,G,A,C,T,T,G,G,G,G,A,C,C,A,C,C,T,A,C,T,C,C,T,G,G,T,A,A,G,T,G,G,G,G,T,T,G,C,G,G,A,T,G,A,G,G,G,G,G,A,C,G,G,G,EI
C,A,G,C,A,G,G,A,C,A,T,C,A,A,G,T,T,C,T,T,G,C,C,G,T,T,C,A,A,G,G,T,T,C,G,A,C,C,G,G,T,T,T,T,C,C,T,C,A,T,C,C,A,G,T,T,A,G,A,G,EI
G,A,A,A,C,C,G,C,T,G,A,G,G,C,T,T,A,T,T,T,G,G,G,A,A,A,G,A,A,G,G,T,A,A,A,T,A,T,T,T,C,T,A,G,A,A,C,A,A,T,G,T,T,A,A,G,T,A,T,T,EI
C,C,T,A,A,A,T,G,T,T,A,T,G,A,G,G,A,T,C,A,T,C,A,A,C,G,A,G,C,C,G,T,A,A,G,T,A,T,G,A,A,A,T,T,C,A,G,G,G,A,T,A,C,G,G,C,A,T,A,T,EI
A,C,T,C,G,G,G,C,C,A,A,A,T,T,T,G,A,A,G,A,G,C,T,C,A,A,C,A,T,G,G,T,A,T,G,T,T,C,C,T,T,G,T,T,T,T,C,T,G,C,T,T,T,G,C,T,A,A,T,G,EI
C,T,G,G,T,G,T,G,C,T,C,T,C,T,G,G,T,G,A,T,C,A,A,G,A,T,A,C,A,G,G,T,A,G,G,T,C,A,T,C,A,T,C,G,C,A,G,C,A,T,C,T,T,T,C,T,T,A,G,T,EI
A,A,C,C,A,A,C,T,G,T,T,A,C,A,A,T,C,A,A,G,G,T,C,T,A,T,G,A,A,G,G,T,A,A,T,T,A,C,C,T,T,A,A,G,T,T,T,G,G,T,T,A,A,T,A,T,C,A,T,G,EI
G,G,C,T,T,C,C,C,G,T,G,C,A,A,C,C,A,G,T,T,T,G,G,G,C,A,T,C,A,G,G,T,G,C,G,C,C,G,G,G,C,G,G,A,G,C,G,G,G,A,C,G,G,G,A,C,G,G,G,G,EI
G,G,T,G,C,C,T,C,A,G,C,G,T,T,C,G,G,G,C,T,G,G,A,G,A,C,G,A,G,G,G,T,G,A,G,T,T,T,T,T,C,C,C,C,C,T,C,T,G,C,C,A,C,C,C,T,C,A,G,C,EI
A,G,G,A,C,A,G,A,G,G,A,G,G,C,G,C,G,T,C,C,G,G,C,C,T,T,C,C,T,G,G,T,G,A,G,C,G,T,G,T,C,T,G,C,C,C,T,C,C,C,T,G,C,G,T,C,A,G,G,A,EI
T,C,T,G,G,G,C,T,C,C,C,A,G,A,A,C,C,C,A,C,A,A,C,A,T,G,A,A,A,G,G,T,G,A,G,G,G,N,C,T,T,C,C,T,G,C,C,A,C,A,C,T,T,G,G,G,G,T,G,G,EI
A,C,T,A,C,C,T,G,A,C,T,C,A,G,G,A,A,T,C,G,G,C,T,C,T,G,G,A,A,G,G,T,G,A,G,C,A,C,C,A,G,C,G,C,T,C,C,T,T,N,G,G,A,A,G,C,C,T,C,C,EI
T,G,G,C,G,A,G,T,A,T,G,G,T,G,C,G,G,A,G,G,C,C,C,T,G,G,A,G,A,G,G,T,G,A,G,G,C,T,C,C,C,T,C,C,C,C,T,G,C,T,C,C,G,A,C,C,C,G,G,G,EI
A,A,G,C,T,T,C,G,G,G,T,G,G,A,C,C,C,G,G,T,C,A,A,C,T,T,C,A,A,G,G,T,G,A,G,C,G,G,C,G,G,G,C,C,G,G,G,A,G,C,G,A,T,C,T,G,G,G,T,C,EI
T,G,G,C,G,A,G,T,A,T,G,G,T,G,C,G,G,A,G,G,C,C,C,T,G,G,A,G,A,G,G,T,G,A,G,G,C,T,C,C,C,T,C,C,C,C,T,G,C,T,C,C,G,A,C,C,C,G,G,G,EI
A,A,G,C,T,T,C,G,G,G,T,G,G,A,C,C,C,G,G,T,C,A,A,C,T,T,C,A,A,G,G,T,G,A,G,C,G,G,C,G,G,G,C,C,G,G,G,A,G,C,G,A,T,C,T,G,G,G,T,C,EI
G,G,A,A,G,A,T,G,C,T,G,G,A,G,G,A,G,A,A,A,C,C,C,T,G,G,G,A,A,G,G,T,A,G,G,C,T,C,T,G,G,T,G,A,C,C,A,G,G,A,C,A,A,G,G,G,A,G,G,G,EI
A,A,G,C,T,G,C,A,T,G,T,G,G,A,T,C,C,T,G,A,G,A,A,C,T,T,C,A,A,G,G,T,G,A,G,T,C,C,A,G,G,A,G,A,T,G,T,T,T,C,A,G,C,C,C,T,G,T,T,G,EI
G,G,A,A,G,A,T,G,C,T,G,G,A,G,G,A,G,A,A,A,C,C,C,T,G,G,G,A,A,G,G,T,A,G,G,C,T,C,T,G,G,T,G,A,C,C,A,G,G,A,C,A,A,G,G,G,A,G,G,G,EI
C,T,G,A,T,A,T,T,G,C,T,G,A,C,A,T,T,G,A,A,A,C,A,T,T,A,A,A,A,G,G,T,A,A,A,G,A,A,T,T,T,C,C,T,A,T,T,T,C,T,G,G,G,A,A,A,G,T,T,T,EI
G,A,A,C,C,A,T,C,T,G,A,A,A,G,C,T,A,C,A,C,C,C,A,T,T,G,A,A,A,G,G,T,T,G,G,T,A,A,C,G,T,T,T,A,A,A,A,T,C,C,T,G,T,T,T,C,T,T,T,G,EI
T,T,C,C,C,C,G,C,C,G,C,C,A,C,G,A,T,G,C,C,C,A,A,G,A,G,G,A,A,G,G,T,G,A,G,C,G,G,C,G,G,C,C,G,C,G,G,C,C,C,G,C,A,C,A,C,G,C,C,C,EI
A,G,C,T,C,C,G,C,C,G,A,A,G,G,C,G,C,C,G,C,C,A,A,G,G,A,A,G,A,G,G,T,G,A,G,T,G,C,G,G,G,C,C,T,T,C,T,G,C,G,G,G,G,G,G,T,G,G,T,G,EI
C,C,C,A,A,G,A,G,G,A,G,A,T,C,G,G,C,G,C,G,G,T,T,G,T,C,A,G,C,T,G,T,A,A,G,T,A,A,A,G,C,G,A,G,C,C,C,C,G,T,A,A,C,C,G,T,T,C,G,T,EI
G,A,A,G,C,G,A,A,G,C,C,G,A,A,A,A,A,G,G,C,A,G,C,A,G,C,G,A,A,G,G,T,A,A,G,C,C,T,C,G,A,A,A,C,G,C,G,C,A,T,T,G,G,G,A,T,G,C,A,G,EI
G,C,G,G,A,A,A,A,C,G,G,G,G,A,A,A,C,G,A,A,G,A,C,T,G,A,G,G,A,G,G,T,C,A,G,A,A,G,T,G,T,G,T,G,T,G,T,G,T,G,T,G,T,G,T,G,T,G,T,G,EI
T,C,T,T,C,C,A,G,A,G,G,C,A,A,G,A,C,C,A,A,C,C,A,A,G,A,T,G,A,G,G,T,G,G,G,T,C,C,A,C,A,G,C,T,T,T,C,C,C,T,C,C,T,G,C,C,T,T,T,C,EI
A,C,T,C,A,G,G,C,A,A,T,G,A,T,G,T,C,A,C,G,G,A,T,A,T,C,G,C,A,G,G,T,C,A,G,T,C,T,T,T,G,G,T,T,G,G,G,T,A,G,G,A,G,T,G,T,G,C,A,T,EI
A,C,T,A,C,T,A,C,A,A,A,C,T,G,C,G,C,A,C,A,G,A,A,G,G,A,G,A,T,G,G,T,A,A,G,A,T,G,T,G,G,A,C,A,A,C,T,G,T,C,T,C,C,A,T,G,C,C,C,T,EI
T,T,G,G,A,G,A,T,A,A,A,C,T,T,C,C,T,G,A,A,T,G,T,G,A,A,G,C,A,G,G,T,G,G,G,T,G,C,T,G,A,G,C,A,C,T,G,A,G,C,A,C,T,T,A,A,G,A,G,A,EI
A,C,T,A,C,T,A,C,A,A,A,C,T,G,C,G,C,A,C,A,G,A,A,G,G,A,G,A,T,G,G,T,A,A,G,A,T,G,T,G,G,A,C,A,A,C,T,G,T,C,T,C,C,A,T,G,C,C,C,T,EI
T,T,G,G,A,G,A,T,A,A,A,C,T,T,C,C,T,G,A,A,T,G,T,G,A,A,G,C,A,G,G,T,G,G,G,T,G,C,T,G,A,G,C,A,C,T,T,A,A,G,A,G,A,G,C,A,G,G,C,A,EI
G,T,T,A,T,G,G,C,G,A,C,C,C,G,C,A,G,C,C,C,T,G,G,C,G,T,C,G,T,G,G,T,G,A,G,C,A,G,C,T,C,G,G,C,C,T,G,C,C,G,G,C,C,C,T,G,G,C,C,G,EI
G,T,T,T,A,T,T,C,C,T,C,A,T,G,G,A,C,T,A,A,T,T,A,T,G,G,A,C,A,G,G,T,A,A,G,T,A,A,G,A,T,C,T,T,A,A,A,A,T,G,A,G,G,T,T,T,T,T,T,A,EI
G,T,A,G,A,T,T,T,T,A,T,C,A,G,A,C,T,G,A,A,G,A,G,C,T,A,T,T,G,T,G,T,G,A,G,T,A,T,A,T,T,T,A,A,T,A,T,A,T,G,A,T,T,C,T,T,T,T,T,A,EI
G,G,A,G,A,T,G,A,T,C,T,C,T,C,A,A,C,T,T,T,A,A,C,T,G,G,A,A,A,G,G,T,A,T,G,T,A,T,C,T,T,G,A,A,A,G,G,G,A,A,G,A,A,A,A,A,A,A,A,G,EI
T,T,T,T,T,C,T,T,C,T,A,G,A,A,T,G,T,C,T,T,G,A,T,T,G,T,G,G,A,A,G,T,A,A,G,T,T,C,A,C,A,T,T,T,A,C,T,T,T,T,A,A,T,A,T,A,A,C,A,T,EI
G,T,A,T,A,A,T,C,C,A,A,A,G,A,T,G,G,T,C,A,A,G,G,T,C,G,C,A,A,G,G,T,A,T,G,T,A,T,G,A,C,A,T,T,T,T,G,A,C,A,C,A,G,A,A,T,A,T,T,T,EI
C,C,C,C,A,C,G,A,A,G,T,G,T,T,G,G,A,T,A,T,A,A,G,C,C,A,G,A,C,T,G,T,A,A,G,T,G,A,A,T,T,A,C,T,T,T,T,T,T,T,G,T,C,A,A,T,C,A,T,T,EI
G,A,C,T,A,T,A,A,T,G,A,A,T,A,C,T,T,C,A,G,G,G,A,T,T,T,G,A,A,T,G,T,A,A,G,T,A,A,T,T,G,C,T,T,C,T,T,T,T,T,C,T,C,A,C,T,C,A,T,T,EI
A,C,T,A,T,T,A,C,G,T,A,T,A,A,T,C,C,T,T,T,T,C,T,T,T,T,C,A,A,G,G,T,A,A,G,G,C,T,G,A,G,A,T,C,T,C,C,G,C,T,A,G,G,C,T,T,C,T,T,T,EI
C,T,T,C,G,G,G,A,G,T,T,G,A,T,C,T,C,T,A,A,T,G,C,T,T,C,T,G,A,T,G,T,A,G,G,T,G,C,T,C,T,G,G,T,T,T,C,C,A,C,A,T,T,T,G,G,C,A,T,G,EI
G,G,T,A,C,T,A,A,A,G,C,A,T,T,C,A,T,G,G,A,G,G,C,T,C,T,T,C,A,G,G,T,A,T,T,G,C,A,G,T,T,C,T,G,T,A,G,G,C,A,T,T,C,A,T,A,C,T,T,A,EI
G,A,G,G,T,T,C,C,T,T,C,A,C,T,G,T,G,C,G,T,G,C,T,G,A,C,C,A,T,G,G,T,A,A,G,T,T,A,G,C,T,T,T,T,C,T,G,T,T,A,C,A,A,G,G,T,A,G,T,T,EI
C,A,G,T,T,C,A,T,A,G,G,C,T,A,T,C,C,C,A,T,C,A,C,C,C,T,T,T,A,T,G,T,G,A,G,T,A,T,G,G,A,C,T,T,T,T,A,A,A,T,C,T,T,T,T,A,C,A,C,T,EI
A,A,T,G,A,C,T,G,G,G,A,A,G,A,C,C,A,C,T,T,G,G,C,A,G,T,C,A,A,G,G,T,G,T,G,A,G,A,A,G,C,C,T,T,T,G,C,A,T,G,T,T,G,G,C,T,C,A,A,C,EI
G,C,T,G,T,G,A,T,G,A,G,T,T,G,A,T,A,C,C,A,G,A,G,T,A,T,C,T,C,A,G,T,G,A,G,T,A,T,C,T,C,C,T,T,G,G,C,C,T,A,A,T,T,T,A,G,T,T,G,G,EI
T,T,C,T,A,T,G,A,G,G,C,A,T,T,C,T,C,T,A,A,A,A,A,T,C,T,C,A,A,G,G,T,A,A,A,A,A,G,G,C,A,A,A,T,A,A,T,G,C,T,T,A,T,T,C,C,C,T,T,T,EI
A,G,A,C,A,C,A,G,A,A,G,T,C,C,A,T,C,T,A,T,T,A,C,A,T,C,A,C,T,G,G,T,G,C,G,T,T,G,A,C,T,C,T,G,A,T,T,G,A,A,G,C,C,T,T,T,T,T,G,G,EI
A,A,A,G,A,A,A,T,C,T,T,A,G,A,T,A,A,G,A,A,G,G,T,T,G,A,G,A,A,G,G,T,A,A,G,C,C,A,T,T,C,T,G,G,G,G,C,T,A,G,G,A,T,A,T,A,T,T,T,T,EI
G,C,A,T,C,T,A,T,C,G,C,A,T,G,A,T,C,A,A,G,C,T,A,G,G,T,C,T,A,G,G,T,A,A,G,T,A,G,C,T,T,T,G,G,T,A,C,T,T,G,G,T,G,T,G,G,C,A,A,G,EI
T,C,G,G,C,G,G,C,G,C,G,C,A,C,G,C,G,G,A,C,A,C,C,C,G,C,G,A,C,A,G,T,G,A,G,T,G,G,C,G,C,G,G,C,C,A,G,G,C,G,C,G,A,A,G,G,G,G,C,G,EI
A,T,G,A,G,C,A,G,C,A,A,G,G,G,C,A,A,G,C,T,C,T,A,T,G,G,C,T,C,G,G,T,G,A,G,T,A,C,C,G,C,A,G,G,G,G,T,C,T,G,G,C,T,A,G,G,C,A,C,C,EI
T,T,A,T,C,T,T,T,C,T,G,A,C,T,C,T,A,A,G,T,G,G,C,A,T,T,C,A,A,G,G,T,A,A,G,G,A,A,C,A,T,C,A,A,A,G,G,A,T,A,C,T,T,A,A,T,T,T,G,T,EI
A,A,G,C,C,A,A,T,T,T,T,G,T,C,C,A,C,G,T,G,T,T,G,A,G,A,T,C,A,T,G,T,G,A,G,T,G,A,A,A,T,C,C,C,A,T,C,T,G,A,T,T,A,T,C,A,C,T,T,C,EI
G,A,A,T,T,T,A,C,T,G,A,A,A,G,C,A,G,T,T,A,G,C,A,A,G,G,A,A,A,G,G,T,A,G,G,T,T,T,G,C,T,G,T,T,G,C,C,T,G,C,A,G,C,C,G,A,A,T,T,G,EI
G,A,T,T,C,T,C,T,T,C,A,G,C,C,A,A,T,C,T,T,C,A,T,T,G,C,T,C,A,A,G,T,A,T,G,A,C,T,T,T,A,A,T,C,T,T,C,C,T,T,A,C,A,A,C,T,A,G,G,T,EI
G,C,T,C,G,C,C,A,G,T,G,A,A,A,T,G,A,T,G,G,C,T,T,A,T,T,A,C,A,G,G,T,C,A,G,T,G,G,A,G,A,C,G,C,T,G,A,G,A,C,C,A,G,T,A,A,C,A,T,G,EI
T,T,T,G,A,A,G,C,T,G,A,T,G,G,C,C,C,T,A,A,A,C,A,G,A,T,G,A,A,G,G,T,A,A,G,A,C,T,A,T,G,G,G,T,T,T,A,A,C,T,C,C,C,A,A,C,C,C,A,A,EI
G,C,A,C,C,T,T,C,T,T,T,C,C,C,T,T,C,A,T,C,T,T,T,G,A,A,G,A,A,G,G,T,A,G,T,T,A,G,C,C,A,A,G,A,G,C,A,G,G,C,A,G,T,A,G,A,T,C,T,C,EI
A,C,C,T,C,C,A,G,G,G,A,C,A,G,G,A,T,A,T,G,G,A,G,C,A,A,C,A,A,G,G,T,A,A,A,T,G,G,A,A,A,C,A,T,C,C,T,G,G,T,T,T,C,C,C,T,G,C,C,T,EI
A,A,A,G,A,T,G,A,T,A,A,G,C,C,C,A,C,T,C,T,A,C,A,G,C,T,G,G,A,G,G,T,A,A,G,T,G,A,A,T,G,C,T,A,T,G,G,A,A,T,G,A,A,G,C,C,C,T,T,C,EI
G,A,T,T,T,A,C,A,G,A,T,G,A,T,T,T,T,G,A,A,T,G,G,A,A,T,T,A,A,T,G,T,A,A,G,T,A,T,A,T,T,T,C,C,T,T,T,C,T,T,A,C,T,A,A,A,A,T,T,A,EI
C,T,C,A,C,A,T,T,T,A,A,G,T,T,T,T,A,C,A,T,G,C,C,C,A,A,G,A,A,G,G,T,A,A,G,T,A,C,A,A,T,A,T,T,T,T,A,T,G,T,T,C,A,A,T,T,T,C,T,G,EI
A,A,T,A,T,C,A,A,C,G,T,A,A,T,A,G,T,T,C,T,G,G,A,A,C,T,A,A,A,G,G,T,A,A,G,G,C,A,T,T,A,C,T,T,T,A,T,T,T,G,C,T,C,T,C,C,T,G,G,A,EI
G,A,T,T,T,A,C,A,G,A,T,G,A,T,T,T,T,G,A,A,T,G,G,A,A,T,T,A,A,T,G,T,A,A,G,T,A,T,A,T,T,T,C,C,T,T,T,C,T,T,A,C,T,A,A,A,A,T,T,A,EI
C,T,C,A,C,A,T,T,T,A,A,G,T,T,T,T,A,C,A,T,G,C,C,C,A,A,G,A,A,G,G,T,A,A,G,T,A,C,A,A,T,A,T,T,T,T,A,T,G,T,T,C,A,A,T,T,T,C,T,G,EI
A,A,T,A,T,C,A,A,C,G,T,A,A,T,A,G,T,T,C,T,G,G,A,A,C,T,A,A,A,G,G,T,A,A,G,G,C,A,T,T,A,C,T,T,T,A,T,T,T,G,C,T,C,T,C,C,T,G,G,A,EI
G,A,T,T,T,A,C,A,G,A,T,G,A,T,T,T,T,G,A,A,T,G,G,A,A,T,T,A,A,T,G,T,A,A,G,T,A,T,A,T,T,T,C,C,T,T,T,C,T,T,A,C,T,A,A,A,A,T,T,A,EI
C,T,C,A,C,A,T,T,T,A,A,G,T,T,T,T,A,C,A,T,G,C,C,C,A,A,G,A,A,G,G,T,A,A,G,T,A,C,A,A,T,A,T,T,T,T,A,T,G,T,T,C,A,A,T,T,T,C,T,G,EI
A,A,T,A,T,C,A,A,C,G,T,A,A,T,A,G,T,T,C,T,G,G,A,A,C,T,A,A,A,G,G,T,A,A,G,G,C,A,T,T,A,C,T,T,T,A,T,T,T,G,C,T,C,T,C,C,T,G,G,A,EI
A,C,T,C,A,T,C,G,A,A,C,T,C,T,G,C,T,G,A,T,A,G,C,C,A,A,T,G,A,G,G,T,A,A,T,T,T,T,C,T,T,T,A,T,G,A,T,T,C,C,T,A,C,A,G,T,C,T,G,T,EI
C,T,G,A,G,G,A,T,T,C,C,T,G,T,T,C,C,T,G,T,A,C,A,T,A,A,A,A,A,T,G,T,A,A,G,T,T,A,A,A,T,T,A,T,G,A,T,T,C,A,G,T,A,A,A,A,T,G,A,T,EI
T,T,A,A,T,A,A,A,G,A,A,A,T,A,C,A,T,T,G,A,C,G,G,C,C,A,A,A,A,A,G,T,A,A,G,T,T,A,C,A,C,A,C,A,T,T,C,A,A,T,G,G,A,A,G,C,T,A,T,A,EI
A,C,T,C,A,T,C,G,A,A,C,T,C,T,G,C,T,G,A,T,A,G,C,C,A,A,T,G,A,G,G,T,A,A,T,T,T,T,C,T,T,T,A,T,G,A,T,T,C,C,T,A,C,A,G,T,C,T,G,T,EI
C,T,G,A,G,G,A,T,T,C,C,T,G,T,T,C,C,T,G,T,A,C,A,T,A,A,A,A,A,T,G,T,A,A,G,T,T,A,A,A,T,T,A,T,G,A,T,T,C,A,G,T,A,A,A,A,T,G,A,T,EI
T,T,A,A,T,A,A,A,G,A,A,A,T,A,C,A,T,T,G,A,C,G,G,C,C,A,A,A,A,A,G,T,A,A,G,T,T,A,C,A,C,A,C,A,T,T,C,A,A,T,G,G,A,A,G,C,T,A,T,A,EI
C,C,G,C,T,G,C,G,G,G,T,A,C,T,A,A,G,A,G,C,C,A,G,G,C,A,A,C,A,G,G,T,A,G,G,T,G,C,T,C,C,C,T,C,C,A,C,C,C,C,A,G,G,G,G,T,C,C,T,G,EI
G,C,C,T,T,C,C,A,T,G,A,A,C,A,G,C,C,A,G,A,A,C,T,G,C,A,G,A,A,G,G,T,A,C,G,T,T,C,C,T,G,A,T,G,C,A,G,G,T,C,C,C,G,G,G,C,C,A,G,T,EI
T,C,A,T,C,C,T,C,C,T,C,C,C,T,G,A,G,T,C,C,T,C,T,C,T,G,C,A,G,G,G,G,C,C,A,C,A,C,C,A,G,G,A,G,C,C,T,A,G,C,T,C,C,T,T,G,T,C,C,T,EI
G,T,G,T,G,T,A,T,G,T,G,G,G,T,A,G,A,T,G,G,A,T,G,T,T,T,G,A,G,G,G,A,G,T,A,T,G,C,A,T,G,T,G,G,G,T,T,C,A,T,G,C,A,T,A,G,A,T,C,T,EI
G,A,C,C,G,C,A,T,T,C,C,T,G,G,A,A,T,T,G,T,G,C,C,C,A,T,G,C,A,G,G,T,G,A,G,A,C,C,C,A,A,G,A,G,A,G,A,C,C,T,G,G,C,T,G,A,A,C,C,C,EI
G,C,A,C,A,C,G,G,A,T,G,C,C,A,T,G,A,T,C,A,T,C,G,A,C,A,T,G,A,G,G,T,C,A,G,T,G,G,C,C,A,G,G,G,G,T,C,A,G,T,G,C,T,T,C,C,T,A,G,C,EI
G,T,G,A,A,C,T,C,T,G,G,A,C,A,C,A,C,G,C,C,C,A,G,G,T,T,G,T,A,G,G,T,A,C,G,T,G,G,A,G,A,A,G,C,T,T,T,C,T,C,C,T,T,T,C,T,G,C,T,G,EI
T,C,T,C,C,A,T,C,G,C,C,T,T,G,T,C,T,G,T,G,G,G,G,T,G,C,A,C,T,G,G,T,G,A,G,A,T,T,G,G,G,G,G,G,A,T,A,A,A,G,G,A,A,G,G,G,G,G,G,C,EI
G,G,T,G,C,T,C,A,C,A,G,C,T,G,C,C,C,A,T,T,G,C,C,T,A,A,A,G,A,A,G,T,A,A,G,T,A,G,G,A,C,C,C,T,G,G,G,A,T,C,T,G,G,G,G,A,G,G,G,A,EI
C,A,G,G,C,T,G,G,G,G,C,A,G,C,A,T,C,G,A,A,C,C,A,G,A,G,G,A,G,T,G,T,A,C,G,C,C,T,G,G,G,C,C,A,G,A,T,G,G,T,G,T,A,G,C,T,G,G,G,A,EI
C,T,C,T,G,G,A,C,A,G,G,T,G,G,T,A,A,A,G,A,C,A,C,T,T,G,T,G,G,G,G,T,G,A,G,T,C,A,T,C,C,C,T,A,C,T,C,C,C,A,A,C,A,T,C,T,G,G,A,G,EI
T,T,C,A,A,G,A,T,C,A,T,C,G,A,G,G,A,C,C,T,G,A,G,G,G,C,T,C,A,G,G,T,A,A,G,G,G,G,T,A,G,G,A,G,G,G,A,C,C,T,C,A,A,C,T,C,C,C,A,G,EI
C,C,G,T,C,T,T,G,C,T,G,C,T,G,A,T,G,A,C,T,T,T,A,G,A,G,T,C,A,A,G,T,A,A,G,T,T,T,G,G,G,G,G,C,T,A,G,A,G,A,G,C,T,G,G,G,G,G,T,C,EI
C,T,G,C,T,C,T,T,C,A,T,G,A,A,G,A,A,G,A,A,C,C,A,C,G,A,A,G,A,G,G,C,A,A,G,C,A,G,G,G,G,C,C,A,C,T,G,G,C,C,A,G,G,C,C,A,G,G,G,A,EI
G,A,G,G,A,G,C,T,A,G,A,C,A,A,G,T,A,C,T,G,G,T,C,T,C,A,G,C,A,G,G,T,G,C,G,T,G,A,G,G,G,G,A,G,G,G,G,A,T,G,G,C,T,G,C,C,A,A,G,G,EI
G,A,G,A,T,C,G,A,C,C,T,G,G,A,C,T,C,C,A,T,G,A,G,A,A,A,T,C,T,G,G,T,G,A,G,T,G,C,C,T,T,C,A,C,A,T,C,A,C,C,T,G,C,C,C,A,G,C,T,C,EI
C,C,G,C,C,T,G,C,T,G,G,A,A,G,A,T,G,G,C,G,A,G,G,A,C,T,T,T,A,A,G,T,G,A,G,T,G,G,G,G,C,T,C,T,C,C,T,A,C,C,C,A,C,A,C,G,T,G,C,T,EI
T,T,C,A,A,G,A,C,C,A,T,T,G,A,G,G,A,C,C,T,G,A,G,G,A,A,C,A,A,G,G,T,G,G,G,T,G,A,A,T,G,G,G,C,A,G,C,A,G,A,A,G,G,C,A,C,C,A,T,T,EI
C,C,G,T,C,T,G,G,C,C,G,C,G,G,A,T,G,A,C,T,T,C,C,G,C,A,C,C,A,A,G,T,G,A,G,T,T,T,G,A,A,A,T,G,G,T,G,G,G,C,C,A,G,A,A,C,A,T,C,C,EI
C,T,G,G,C,C,T,A,C,C,T,G,A,A,G,A,A,G,A,A,C,C,A,C,G,A,G,G,A,G,G,T,G,A,G,A,A,C,T,A,T,A,T,G,G,A,A,A,A,G,T,C,A,G,C,T,T,A,A,A,EI
A,A,G,G,A,T,G,C,C,G,A,G,G,A,A,T,G,G,T,T,C,T,T,C,A,C,C,A,A,G,G,T,G,G,G,T,G,T,C,A,T,T,T,G,A,G,G,T,G,G,A,A,G,G,A,A,C,C,C,A,EI
G,A,G,A,T,T,G,A,G,C,T,G,C,A,G,T,C,C,C,A,G,C,T,C,A,G,C,A,T,G,G,T,A,G,G,A,A,T,A,G,T,G,C,C,A,G,G,A,A,G,G,G,T,G,G,T,G,C,A,C,EI
C,C,G,C,C,G,C,C,T,G,C,T,G,G,A,G,G,G,C,G,A,G,G,A,C,G,C,C,C,A,G,T,G,A,G,T,C,T,T,G,G,C,C,C,T,C,C,C,C,T,T,A,G,T,C,C,G,C,C,C,EI
T,C,T,C,C,T,C,T,G,G,A,T,C,G,C,A,G,T,C,A,T,C,C,A,G,A,G,A,T,G,G,T,A,A,G,A,C,C,C,T,C,C,T,C,C,T,C,T,G,C,A,G,G,C,C,T,G,G,G,C,EI
A,T,G,G,T,T,A,T,G,G,A,G,G,C,A,T,C,G,C,T,T,T,G,C,C,T,G,A,A,T,G,T,G,A,G,T,T,C,C,C,T,G,C,C,T,C,T,G,T,G,T,T,T,C,A,T,C,C,A,T,EI
C,A,A,G,G,A,A,C,A,T,C,T,G,T,G,A,C,A,T,C,T,C,C,T,G,T,G,A,C,A,G,T,G,A,G,T,A,G,C,C,C,C,T,A,T,A,A,C,C,C,T,C,T,T,T,C,T,C,T,G,EI
G,A,T,C,C,T,G,G,A,T,A,T,T,A,A,A,G,G,A,A,T,T,G,A,C,T,A,C,T,G,G,T,G,A,A,T,C,C,T,T,A,T,T,C,T,A,T,T,T,T,C,T,A,T,T,T,C,C,C,C,EI
A,G,C,C,A,G,G,G,C,A,C,T,C,A,C,C,A,G,G,C,T,G,C,A,A,G,A,A,C,A,G,T,G,C,T,G,G,G,G,T,A,A,G,A,G,G,G,G,A,G,C,G,G,G,G,G,A,T,C,C,EI
G,C,A,C,T,A,C,C,A,C,C,C,T,C,A,C,C,C,C,T,T,C,C,T,C,A,A,C,A,G,G,T,A,G,T,G,G,G,G,A,T,C,T,G,G,G,G,T,G,G,G,G,G,G,C,A,G,T,G,G,EI
C,A,A,G,C,C,A,C,T,G,T,G,A,G,C,T,G,G,A,C,C,T,G,G,C,T,G,A,G,G,G,T,G,A,G,T,G,T,G,G,G,T,T,T,G,T,G,T,G,C,C,T,T,G,T,G,G,G,T,T,EI
C,A,A,T,G,G,A,C,C,C,C,A,A,C,T,G,C,T,C,C,T,G,C,G,C,C,G,C,T,G,G,T,A,A,G,G,A,A,C,G,C,C,G,G,G,T,T,C,C,G,T,G,C,C,T,G,G,G,G,A,EI
A,A,G,A,G,T,G,C,A,A,A,T,G,C,A,C,C,T,C,C,T,G,C,A,A,G,A,A,G,A,G,T,G,A,G,T,G,T,G,A,G,G,C,C,A,T,C,T,C,C,A,T,G,G,T,C,T,G,G,G,EI
G,G,G,C,C,C,T,G,A,C,C,C,T,G,A,C,C,G,A,G,A,C,C,T,G,G,G,C,G,G,G,T,G,A,G,T,G,C,G,G,G,G,T,C,A,G,G,A,G,G,G,A,A,A,C,G,G,C,C,C,EI
T,G,C,G,C,G,G,C,T,A,C,T,A,C,A,A,C,C,A,G,A,G,C,G,A,G,G,C,C,A,G,T,G,A,G,T,A,A,C,T,C,C,G,G,C,C,C,A,G,G,G,A,G,C,A,G,A,T,C,A,EI
A,G,A,A,C,G,G,G,A,A,G,G,A,G,A,T,G,C,T,G,C,A,G,C,G,C,G,C,G,G,G,T,A,C,C,A,G,G,G,G,C,A,G,T,G,G,G,G,C,G,C,C,T,C,C,C,T,G,A,T,EI
G,G,C,T,G,C,C,G,G,A,G,C,C,C,C,T,C,A,T,G,C,T,G,A,G,A,T,G,G,A,G,T,A,A,G,G,A,G,G,G,A,G,A,T,G,G,A,G,G,C,A,T,C,A,T,G,T,C,T,G,EI
C,T,G,C,T,G,T,G,C,T,G,T,G,G,A,G,A,A,A,G,A,A,G,A,G,C,T,C,A,G,G,T,A,A,G,G,A,A,G,G,G,G,T,G,A,C,A,A,G,T,G,G,G,G,T,C,T,G,A,G,EI
A,G,G,A,G,G,G,A,G,C,T,A,C,T,C,T,C,A,G,G,C,T,G,C,A,A,G,T,A,A,G,T,A,T,G,A,A,G,G,A,G,G,C,T,G,A,T,C,C,C,T,G,A,G,A,T,C,C,T,T,EI
G,C,T,C,T,A,A,T,G,T,G,T,C,T,C,T,C,A,C,G,G,C,T,T,G,T,A,A,A,T,G,T,G,A,C,A,C,C,C,C,G,G,G,G,G,G,C,C,T,G,A,T,G,T,G,T,G,T,G,G,EI
G,G,G,C,C,C,T,G,G,C,C,C,T,G,A,C,C,C,A,G,A,C,C,T,G,G,G,C,G,C,G,T,G,A,G,T,G,C,A,G,G,G,T,C,T,G,C,A,G,G,G,A,A,A,T,G,G,T,C,G,EI
C,G,C,T,C,C,G,C,T,A,C,T,A,C,A,A,C,C,A,G,A,G,C,G,A,G,G,G,C,G,G,T,G,A,G,T,G,A,C,C,C,C,G,G,C,C,C,G,G,G,A,C,G,C,A,G,G,T,C,A,EI
A,G,A,A,C,G,G,G,A,A,G,G,A,G,A,C,G,C,T,G,C,A,G,C,G,C,G,C,G,G,G,T,A,C,C,A,G,G,G,G,C,C,A,C,A,G,G,G,C,G,C,C,T,C,C,C,G,G,A,T,EI
G,T,C,T,G,C,C,A,G,A,G,C,C,C,C,T,C,A,C,C,C,T,G,A,G,A,T,G,G,G,G,T,A,A,G,G,A,G,G,G,A,G,A,T,G,G,G,G,G,T,G,T,C,A,T,G,T,C,C,C,EI
C,T,G,C,T,G,T,A,A,T,G,T,G,G,A,G,G,A,A,G,A,A,G,A,G,C,T,C,A,G,G,T,A,A,G,G,A,A,G,G,G,G,T,G,A,G,G,A,G,T,G,T,G,G,T,C,T,G,A,G,EI
G,A,A,A,A,G,G,A,G,G,G,A,G,C,T,A,C,T,C,T,C,A,G,G,C,T,G,C,A,A,G,T,A,A,G,T,A,T,G,A,A,G,G,A,G,G,C,T,G,A,T,C,C,C,T,G,A,A,A,T,EI
G,G,C,T,C,T,G,A,T,G,T,G,T,C,T,C,T,C,A,C,G,G,C,G,T,G,A,A,A,G,G,T,G,A,G,A,C,C,T,T,G,G,G,G,G,G,C,C,T,G,A,T,G,T,G,T,G,G,G,G,EI
G,G,G,C,A,G,T,G,G,C,C,C,T,G,A,C,C,G,A,G,A,C,C,T,G,G,G,C,T,G,G,T,G,A,G,T,G,C,G,G,G,G,T,C,A,G,G,C,A,G,G,G,A,A,A,T,G,G,C,C,EI
T,G,C,T,C,C,G,C,T,A,C,T,A,C,A,A,C,C,A,G,A,G,C,G,A,G,G,C,C,G,G,T,G,A,G,T,G,A,C,C,C,C,G,G,C,C,C,G,G,G,C,G,C,A,G,G,T,C,A,C,EI
A,G,A,A,C,G,G,G,A,A,G,G,A,G,A,C,G,C,T,G,C,A,G,C,G,C,G,C,G,G,G,T,A,C,C,A,G,G,G,G,C,A,G,T,G,G,G,G,A,G,C,C,T,T,C,C,C,C,A,T,EI
G,G,C,T,G,C,C,G,A,A,G,C,C,C,C,T,C,A,C,C,C,T,G,A,G,A,T,G,G,G,G,T,A,A,G,G,A,G,G,G,G,G,A,T,G,A,G,G,G,G,T,C,A,T,A,T,C,T,C,T,EI
C,T,G,C,T,G,T,G,A,T,G,T,G,T,A,G,G,A,G,G,A,A,G,A,G,C,T,C,A,G,G,T,A,G,G,G,A,A,G,G,G,G,T,G,A,G,G,G,G,T,G,G,G,G,T,C,T,G,A,G,EI
G,A,A,A,A,G,G,A,G,G,G,A,G,C,T,A,C,T,C,T,C,A,G,G,C,T,G,C,G,T,G,T,A,A,G,T,G,A,T,G,G,G,G,G,T,G,G,G,A,G,T,G,T,G,G,A,G,G,A,G,EI
C,C,T,T,G,C,T,C,C,T,G,C,C,G,C,T,G,G,C,C,T,T,G,C,T,G,C,T,C,C,G,T,G,A,G,T,T,T,G,A,G,A,C,G,C,C,C,G,G,G,A,A,G,G,C,A,G,G,G,G,EI
T,C,A,G,C,C,A,C,T,T,C,G,T,G,C,C,G,G,T,C,T,T,C,C,T,G,C,C,A,G,G,T,C,C,G,C,G,C,G,C,C,G,G,G,T,T,G,C,N,N,C,A,C,C,T,C,T,C,C,G,EI
A,G,G,C,G,T,G,C,C,G,G,C,C,A,G,C,G,G,C,G,G,G,G,G,G,C,G,C,A,G,G,T,G,A,G,G,C,G,T,G,C,G,G,G,G,G,C,C,C,G,G,G,G,C,G,G,G,G,G,C,EI
C,A,C,T,G,G,T,T,A,T,C,A,C,C,C,T,T,T,A,C,T,G,C,A,A,C,C,A,C,A,G,T,A,A,G,T,C,C,C,G,A,G,G,A,A,T,C,G,C,G,G,C,G,G,G,A,A,G,G,A,EI
G,A,A,C,C,G,A,A,G,A,C,G,T,G,T,T,T,G,C,A,A,A,T,G,T,C,C,C,C,G,G,T,G,A,G,T,C,T,C,T,T,T,T,G,A,A,C,T,C,T,C,A,G,C,C,T,G,C,T,C,EI
C,C,A,T,C,T,A,C,A,G,G,C,T,C,C,A,C,C,T,T,G,G,G,C,T,G,C,A,A,G,G,T,G,A,G,A,G,G,C,T,G,A,T,C,T,C,G,C,T,C,T,G,G,C,C,C,T,C,A,C,EI
A,C,T,T,T,G,C,T,G,G,C,A,G,A,C,C,T,G,A,G,C,C,A,C,T,T,A,C,C,T,G,T,A,A,G,G,G,C,T,G,G,G,G,G,C,A,T,T,T,T,T,T,C,T,T,T,C,T,T,A,EI
G,T,G,G,A,G,C,A,G,C,T,G,A,C,C,C,A,G,G,A,G,T,T,C,T,G,T,G,A,G,G,T,A,A,G,G,C,T,G,G,G,C,T,C,C,T,G,A,G,G,C,C,A,C,C,T,C,G,G,G,EI
T,G,T,T,A,C,C,T,C,A,C,C,T,T,C,G,G,A,G,A,C,A,A,G,A,T,C,A,A,G,G,T,G,C,C,T,C,A,C,A,G,C,C,C,C,T,C,A,G,G,C,C,C,A,C,C,C,C,C,A,EI
C,A,A,A,T,T,G,T,G,G,A,C,G,T,G,A,T,T,C,C,C,T,T,T,C,T,C,A,G,G,G,T,G,A,G,G,A,C,C,T,G,G,A,G,C,C,T,A,G,A,C,A,C,C,C,C,T,G,G,G,EI
A,T,C,G,T,G,G,A,G,A,T,G,C,A,G,C,T,G,A,G,G,C,A,G,C,A,C,A,A,G,G,T,G,G,G,G,A,C,T,G,T,A,C,G,T,G,G,A,C,G,G,C,C,T,C,C,C,C,T,C,EI
G,C,C,G,T,G,G,T,T,T,T,T,T,T,G,C,T,T,C,A,C,C,A,C,C,C,T,G,A,G,G,T,G,C,G,T,C,C,T,G,G,G,G,A,C,A,A,G,C,A,A,A,A,G,G,C,T,C,C,T,EI
C,T,T,G,C,C,C,C,A,C,C,G,C,A,C,C,A,C,A,C,G,G,C,C,C,A,G,C,A,G,G,T,G,A,C,T,C,C,C,G,A,G,G,G,T,T,G,G,G,G,A,T,G,A,G,T,G,A,G,G,EI
T,C,T,G,G,G,A,G,A,G,G,C,C,A,C,A,T,G,A,G,T,T,C,T,G,G,C,C,T,G,G,T,A,T,G,T,G,G,G,G,G,C,C,G,G,G,G,G,C,C,T,G,C,C,G,T,C,A,A,A,EI
C,C,A,T,C,T,A,C,A,G,G,C,T,C,C,A,C,C,T,T,G,G,G,C,T,G,C,A,A,G,G,T,G,A,G,A,G,G,C,T,G,A,T,C,T,C,G,C,T,C,T,G,G,C,C,C,T,C,A,C,EI
A,C,T,T,T,G,C,T,G,G,C,A,G,A,C,C,T,G,A,G,C,C,A,C,T,T,A,C,C,T,G,T,A,A,G,G,G,C,T,G,G,G,G,G,C,A,T,T,T,T,T,T,C,T,T,T,C,T,T,A,EI
G,T,G,G,A,G,C,A,G,C,T,G,A,C,C,C,A,G,G,A,G,T,T,C,T,G,T,G,A,G,G,T,A,A,G,G,C,T,G,G,G,C,T,C,C,T,G,A,G,G,C,C,A,C,C,T,C,G,G,G,EI
T,G,T,T,A,C,C,T,C,A,C,C,T,T,C,G,G,A,G,A,C,A,A,G,A,T,C,A,A,G,G,T,G,C,C,T,C,A,C,A,G,C,C,C,C,T,C,A,G,G,C,C,C,A,C,C,C,C,C,A,EI
C,A,A,A,T,T,G,T,G,G,A,C,G,T,G,A,T,T,C,C,C,T,T,T,C,T,C,A,G,G,G,T,G,A,G,G,A,C,C,T,G,G,A,G,C,C,T,A,G,A,C,A,C,C,C,C,T,G,G,G,EI
A,T,C,G,T,G,G,A,G,A,T,G,C,A,G,C,T,G,A,G,G,C,A,G,C,A,C,A,A,G,G,T,G,G,G,G,A,C,T,C,T,A,C,G,T,G,G,A,C,G,G,C,C,T,C,C,C,C,T,C,EI
G,C,C,G,T,G,G,T,T,T,T,T,T,T,G,C,T,T,C,A,C,C,A,C,C,C,T,G,A,G,G,T,G,C,G,T,C,C,T,G,G,G,G,A,C,A,A,G,C,A,A,A,A,G,G,C,T,C,C,T,EI
C,T,T,G,C,C,C,C,A,C,C,G,C,A,C,C,A,C,A,C,G,G,C,C,C,A,G,C,A,G,G,T,G,A,C,T,C,C,C,G,A,G,G,G,T,T,G,G,G,G,A,T,G,A,G,T,G,A,G,G,EI
T,C,T,G,G,G,A,G,A,G,G,C,C,A,C,A,T,G,A,G,T,T,C,T,G,G,C,C,T,G,G,T,A,T,G,T,G,G,G,G,G,G,C,C,G,G,G,G,G,C,C,T,G,C,C,G,T,G,A,A,EI
G,A,G,C,C,C,T,G,G,C,C,C,T,G,A,C,C,G,A,G,A,C,C,T,G,G,G,C,C,T,G,T,G,A,G,T,G,C,G,G,G,G,T,T,G,G,G,A,G,G,G,A,A,A,C,G,G,C,C,T,EI
T,G,C,G,C,G,G,C,T,A,C,T,A,C,A,A,C,C,A,G,A,G,C,G,A,G,G,C,C,G,G,T,G,A,G,T,G,A,C,C,C,C,G,G,C,C,C,G,G,G,G,C,G,C,A,G,G,T,C,A,EI
A,G,A,A,C,G,G,G,A,A,G,G,A,G,A,G,C,C,T,G,C,A,G,C,G,C,G,C,G,G,G,T,A,C,C,A,G,G,G,G,C,A,G,T,G,G,G,G,A,G,C,C,T,T,C,C,C,C,A,T,EI
G,G,C,T,G,C,C,G,G,A,G,C,C,C,C,T,C,A,C,C,C,T,G,A,G,A,T,G,G,G,G,T,A,A,G,G,A,G,G,G,G,G,A,T,G,A,G,G,G,G,T,G,A,T,G,T,G,T,C,T,EI
C,T,G,T,T,G,T,G,A,T,G,T,G,T,A,G,G,A,G,G,A,A,G,A,G,C,T,C,A,G,G,T,A,G,G,G,A,A,G,G,G,G,T,G,A,G,G,A,G,T,G,G,G,G,T,C,T,G,G,G,EI
G,A,A,A,A,G,G,A,G,G,G,A,G,C,T,G,C,T,C,T,C,A,G,G,C,T,G,C,G,T,G,T,A,A,G,T,G,A,T,G,G,C,G,G,T,G,G,G,C,G,T,G,T,G,G,A,G,G,A,G,EI
G,C,T,C,T,G,A,T,G,A,G,T,C,T,C,T,C,A,T,C,G,C,T,T,G,T,A,A,A,G,G,T,C,A,G,A,T,T,C,T,G,G,G,G,A,G,C,T,G,A,A,G,T,G,G,T,C,G,G,G,EI
G,A,G,C,C,C,T,G,G,C,C,C,T,G,A,C,C,G,A,G,A,C,C,T,G,G,G,C,C,T,G,T,G,A,G,T,G,C,G,G,G,G,T,T,G,G,G,A,G,G,G,A,A,A,C,G,G,C,C,T,EI
T,G,C,G,C,G,G,C,T,A,C,T,A,C,A,A,C,C,A,G,A,G,C,G,A,G,G,C,C,G,G,T,G,A,G,T,G,A,C,C,C,C,G,G,C,C,C,G,G,G,C,G,C,A,G,G,T,C,A,C,EI
A,G,A,A,C,G,G,G,A,A,G,G,A,G,A,A,G,C,T,G,C,A,G,C,G,C,G,C,G,G,G,T,A,C,C,A,G,G,G,G,C,A,G,T,G,G,G,G,A,G,C,C,T,T,C,C,C,C,A,T,EI
G,G,C,T,G,C,C,G,G,A,G,C,C,C,C,T,C,A,C,C,C,T,G,A,G,A,T,G,G,G,G,T,A,A,G,G,A,G,G,G,G,G,A,T,G,A,G,G,G,G,T,A,C,T,G,T,G,T,C,T,EI
C,T,G,T,T,G,T,G,A,T,G,T,G,T,A,G,G,A,G,G,A,A,G,A,G,C,T,C,A,G,G,T,A,G,G,G,A,A,G,G,G,G,T,G,A,G,G,A,G,T,G,G,G,G,T,C,T,G,G,G,EI
G,A,A,A,A,G,G,A,G,G,G,A,G,C,T,G,C,T,C,T,C,A,G,G,C,T,G,C,G,T,G,T,A,A,G,T,G,A,T,G,G,C,G,G,C,A,G,G,C,G,T,G,T,G,G,A,G,G,A,G,EI
G,C,T,C,T,G,A,T,G,A,G,T,C,T,C,T,C,A,T,C,G,C,T,T,G,T,A,A,A,G,G,T,C,A,G,A,T,T,C,T,G,G,G,A,G,C,T,G,A,A,G,T,G,G,T,C,G,G,G,G,EI
C,C,T,C,C,A,T,G,A,C,T,C,A,A,G,G,C,A,C,A,G,A,C,T,C,T,C,C,A,G,G,T,A,A,G,A,A,C,A,G,A,G,C,A,A,T,T,G,T,T,T,T,T,T,T,C,C,A,G,T,EI
T,G,G,G,C,G,C,A,C,C,C,T,T,C,A,C,T,G,T,G,G,G,G,A,G,A,A,A,A,G,G,T,G,A,G,C,T,G,G,A,A,G,C,T,G,A,G,G,T,C,T,G,G,C,G,G,G,G,C,T,EI
G,C,C,T,G,C,T,G,A,G,C,C,C,T,G,T,T,T,C,T,G,T,G,G,A,G,T,G,G,A,G,T,G,A,G,A,A,T,T,A,G,T,T,T,C,T,A,G,T,A,C,T,C,T,C,T,G,G,G,C,EI
G,A,A,T,C,G,T,C,A,T,C,C,A,G,C,T,A,A,G,G,G,C,T,C,A,G,A,A,A,G,G,T,A,A,T,G,A,G,C,C,T,G,T,G,A,G,G,A,G,T,G,C,C,C,T,G,C,C,A,C,EI
T,A,T,G,T,G,A,G,G,A,C,G,C,A,G,A,T,G,T,C,T,G,G,T,A,A,T,G,A,G,G,T,A,A,T,G,T,C,T,C,T,T,T,T,T,C,C,T,T,G,T,C,T,T,T,G,A,G,T,G,EI
T,G,A,G,C,G,C,T,C,A,G,G,A,A,T,C,A,T,G,G,G,C,T,A,T,C,A,A,A,G,G,T,A,G,G,T,G,C,T,G,A,G,G,G,A,A,T,G,A,A,A,T,C,T,G,G,G,A,C,G,EI
A,G,C,G,C,T,C,C,A,A,C,T,A,T,A,C,T,C,C,G,A,T,C,A,C,C,A,A,T,G,G,T,A,C,C,T,C,C,C,T,C,T,C,T,G,C,T,G,C,A,C,T,C,C,T,G,G,A,C,A,EI
G,C,T,T,G,G,A,T,G,A,G,C,C,T,C,T,T,C,T,C,A,A,G,C,A,C,T,G,G,G,G,T,A,T,G,G,A,C,C,A,A,C,A,C,T,C,A,A,T,C,T,C,C,T,T,T,A,T,T,T,EI
A,C,G,C,A,G,G,G,G,G,C,C,T,C,T,G,T,A,A,G,G,C,A,C,A,T,G,G,A,G,G,T,G,A,G,T,T,A,G,G,T,G,T,G,G,T,C,A,G,A,G,G,A,A,G,A,C,A,T,A,EI
A,G,G,C,C,C,T,G,G,C,C,C,T,T,A,C,C,C,A,G,A,C,C,T,G,G,G,C,G,G,G,T,G,A,G,T,G,C,G,G,G,G,T,C,G,G,G,A,T,G,G,A,A,A,C,G,G,C,C,T,EI
T,G,C,G,G,C,G,C,T,A,C,T,A,C,A,A,T,C,A,G,A,G,C,G,A,G,G,C,C,G,G,T,G,A,G,T,G,A,C,C,C,C,G,G,C,C,A,G,G,A,G,C,A,G,G,T,C,A,C,G,EI
A,G,A,A,G,G,G,G,A,A,G,G,A,G,A,C,G,C,T,G,C,T,T,C,A,C,C,T,G,G,G,T,A,A,G,A,G,G,G,T,C,C,A,C,A,G,G,G,C,T,A,C,T,C,T,C,C,C,A,T,EI
G,G,C,T,A,C,C,C,G,A,G,C,C,C,G,T,C,A,C,C,C,T,G,A,G,A,T,G,G,A,G,T,A,A,G,G,A,G,G,G,G,G,A,T,G,G,G,A,G,G,T,C,A,T,G,T,C,T,C,T,EI
C,T,G,C,T,G,T,G,A,T,A,T,G,G,A,G,G,A,A,G,A,A,G,A,G,C,T,C,A,G,G,T,G,G,G,G,A,A,G,G,G,A,G,A,A,G,G,G,T,G,G,G,G,T,C,T,G,A,G,T,EI
G,A,A,A,A,G,G,A,G,G,G,A,G,C,T,A,C,T,C,T,A,A,G,G,C,T,G,A,G,T,G,T,A,A,G,T,G,C,G,G,G,G,C,G,G,G,A,G,C,G,T,G,G,A,G,G,A,G,C,T,EI
C,C,A,G,G,G,G,T,C,T,G,A,G,T,C,T,C,A,C,A,G,C,T,T,G,T,A,A,A,G,G,T,G,A,G,A,T,T,C,T,G,G,G,G,G,T,C,T,G,A,A,G,T,G,G,G,T,G,G,A,EI
A,G,C,G,C,C,T,G,G,T,G,G,T,C,C,T,A,C,A,C,C,T,G,G,A,G,G,A,A,G,G,T,A,T,G,T,G,G,G,G,C,C,C,A,G,C,C,C,C,A,A,G,C,T,T,G,G,C,A,C,EI
G,T,G,A,C,G,A,G,G,G,C,T,G,G,G,C,T,G,C,C,G,G,G,T,G,C,C,C,A,G,G,T,A,C,C,A,G,G,G,A,G,T,T,G,C,A,T,G,G,G,G,C,A,G,T,G,C,C,C,G,EI
T,G,G,C,C,T,T,G,A,C,C,C,T,G,C,A,G,C,C,C,C,G,C,G,G,A,G,A,G,G,G,T,A,G,G,T,C,C,G,C,G,T,G,G,A,G,A,G,G,G,A,C,G,G,G,G,A,G,C,C,EI
G,C,T,G,G,A,C,A,C,C,G,T,G,C,C,C,T,T,C,C,C,G,C,C,G,C,C,C,A,G,G,T,G,C,G,C,G,C,A,G,G,C,A,C,C,G,G,G,A,C,A,C,G,G,G,G,C,A,G,G,EI
G,C,A,A,A,C,A,C,T,C,T,G,T,G,T,G,G,C,T,C,C,T,C,G,G,C,T,T,T,G,G,T,A,A,G,T,G,A,G,C,T,G,C,C,A,G,C,T,T,C,C,C,C,A,G,G,C,A,G,A,EI
G,T,G,C,G,A,A,A,A,G,A,T,C,T,G,C,A,A,A,A,T,T,T,T,C,T,C,A,A,G,G,T,A,G,G,G,C,T,G,G,A,C,T,C,T,G,G,C,A,G,G,T,C,T,G,A,C,C,C,A,EI
T,C,T,C,T,T,G,T,C,A,G,C,T,G,T,C,T,T,T,C,A,G,A,A,G,A,C,C,T,G,G,T,A,A,G,T,G,G,G,A,C,T,G,T,C,T,G,G,G,T,T,G,G,C,C,C,C,G,C,A,EI
C,T,A,G,A,G,A,C,C,G,A,G,T,G,T,C,C,T,C,A,G,T,A,T,A,T,C,A,G,G,G,T,G,A,G,G,A,G,G,G,G,C,T,G,G,G,T,G,T,G,G,C,G,G,G,G,G,C,T,C,EI
C,A,A,T,G,G,A,C,C,C,C,A,A,C,T,G,C,T,C,C,T,G,T,G,C,C,G,C,T,G,G,T,A,A,G,G,G,A,C,G,C,C,C,G,G,G,T,T,C,T,G,T,G,C,C,T,T,G,G,A,EI
A,A,G,A,G,T,G,C,A,A,A,T,G,C,A,C,C,T,C,C,T,G,C,A,A,G,A,A,G,A,G,T,G,A,G,T,G,C,G,G,G,G,C,C,A,T,C,T,C,C,A,G,G,A,A,T,C,T,G,G,EI
C,C,G,C,T,C,C,A,G,G,T,G,G,C,G,G,G,C,G,G,C,T,G,G,A,G,C,G,A,G,G,T,G,A,G,G,C,T,G,C,G,G,G,T,G,G,C,C,A,G,G,G,C,A,C,G,G,G,C,G,EI
G,C,T,C,C,G,G,G,T,C,C,G,A,G,A,G,C,C,C,A,A,G,C,G,A,C,T,C,G,G,G,T,A,A,G,G,A,C,C,T,C,C,C,C,G,A,G,C,C,A,T,C,C,A,A,G,A,G,G,G,EI
G,A,T,C,A,A,A,A,A,A,C,C,A,A,T,A,A,A,G,A,T,G,T,A,T,C,T,C,T,A,C,A,A,C,G,G,C,T,G,G,T,G,G,A,G,T,G,G,T,A,G,A,G,T,G,G,A,A,A,G,EI
C,T,G,G,A,T,T,T,T,T,T,T,C,G,G,G,T,A,G,T,G,G,A,A,A,A,C,C,A,G,G,T,A,A,G,C,A,C,C,G,A,A,G,T,C,C,A,C,T,T,G,C,C,T,T,T,T,A,A,T,EI
A,G,A,C,A,C,C,G,C,C,C,A,C,C,A,C,C,A,G,C,A,G,C,G,A,C,T,C,T,G,G,T,A,A,G,C,G,A,A,G,C,C,C,G,C,C,C,A,G,G,C,C,T,G,T,C,A,A,A,A,EI
G,C,C,A,T,C,G,A,C,A,G,T,T,T,T,C,T,C,A,G,A,A,T,A,C,C,T,T,T,G,G,T,A,A,G,T,G,G,G,G,C,T,G,G,G,G,T,G,G,G,C,G,T,T,A,T,T,T,C,A,EI
A,G,A,C,A,T,C,G,C,C,C,A,C,C,A,C,C,A,G,C,A,G,C,G,A,C,T,C,T,G,G,T,A,A,G,C,G,A,A,G,C,G,C,G,C,C,C,A,G,G,C,C,T,G,T,C,A,A,A,A,EI
A,A,G,G,T,C,C,C,G,G,A,G,A,G,C,T,G,A,G,C,A,G,T,C,A,A,G,A,T,G,G,T,G,G,G,G,C,C,C,A,G,G,T,C,T,T,G,G,G,A,G,A,C,G,G,G,C,A,G,G,EI
A,G,T,G,T,G,A,C,T,T,C,A,C,C,G,A,A,G,A,C,C,A,G,A,C,C,G,C,A,G,G,T,A,G,G,T,T,A,T,C,T,C,T,G,A,T,C,C,C,T,A,C,C,G,A,G,G,T,C,C,EI
T,C,A,A,G,G,T,C,C,T,G,G,G,G,A,A,C,C,C,C,A,A,G,A,G,T,G,A,T,G,G,T,G,A,G,G,G,G,C,C,T,A,A,A,G,A,A,C,A,A,C,T,C,C,T,C,A,T,T,G,EI
C,T,G,A,A,A,T,C,C,G,G,C,A,T,G,T,T,C,T,T,G,T,C,A,C,A,C,T,G,G,G,T,A,A,G,G,T,T,C,T,G,T,G,T,C,C,T,T,G,T,C,C,T,T,G,A,G,C,T,G,EI
A,G,G,A,C,A,G,C,A,A,T,G,G,T,T,G,T,A,T,C,A,A,C,T,A,T,G,A,A,G,G,T,A,A,G,A,G,G,T,G,A,A,C,T,G,C,G,C,T,T,T,C,T,C,A,G,A,G,A,A,EI
A,A,G,G,T,C,C,C,G,G,A,G,A,G,C,T,G,A,G,C,A,G,T,C,A,A,G,A,T,G,G,T,G,G,G,G,C,C,C,A,G,G,T,C,T,T,G,G,G,A,G,A,C,G,G,G,C,A,G,G,EI
A,G,T,G,T,G,A,C,T,T,C,A,C,C,G,A,A,G,A,C,C,A,G,A,C,C,G,C,A,G,G,T,A,G,G,T,T,A,T,C,T,C,T,G,A,T,C,C,C,T,A,C,C,G,A,G,G,T,C,C,EI
T,C,A,A,G,G,T,C,C,T,G,G,G,G,A,A,C,C,C,C,A,A,G,A,G,T,G,A,T,G,G,T,G,A,G,G,G,G,C,C,T,A,A,A,G,A,A,C,A,A,C,T,C,C,T,C,A,T,T,G,EI
C,T,G,A,A,A,T,C,C,G,G,C,A,T,G,T,T,C,T,T,G,T,C,A,C,A,C,T,G,G,G,T,A,A,G,G,T,T,C,T,G,T,G,T,C,C,T,T,G,T,C,C,T,T,G,A,G,C,T,G,EI
A,G,G,A,C,A,G,C,A,A,T,G,G,T,T,G,T,A,T,C,A,A,C,T,A,T,G,A,A,G,G,T,A,A,G,A,G,G,T,G,A,A,C,T,G,C,G,C,T,T,T,C,T,C,A,G,A,G,A,A,EI
A,T,T,T,G,G,A,G,G,G,C,T,T,C,T,T,T,G,C,C,A,C,C,C,T,G,G,G,C,G,G,T,A,T,G,A,G,C,C,G,G,G,T,G,T,G,G,G,T,G,G,G,G,T,G,T,G,C,A,G,EI
C,G,C,C,G,C,A,C,C,C,C,C,A,C,T,C,G,C,C,G,G,C,T,G,G,T,C,C,A,G,G,T,A,A,T,G,G,C,A,C,T,G,A,G,C,A,G,A,A,G,G,G,A,A,G,A,A,G,C,T,EI
T,A,T,G,G,G,C,A,G,C,T,C,G,T,C,T,T,C,A,C,C,G,T,C,A,A,G,G,A,G,G,T,A,C,G,G,G,C,C,G,G,G,G,G,G,T,G,G,G,C,G,G,C,C,T,C,A,C,G,G,EI
C,C,T,G,T,C,A,T,C,T,A,T,A,T,C,A,T,G,A,T,G,A,A,C,A,A,G,C,A,G,G,T,G,C,C,T,A,C,T,G,C,G,G,G,T,G,G,G,A,G,G,G,C,C,C,C,A,G,T,G,EI
A,G,G,G,C,C,G,C,G,C,C,G,G,A,C,C,T,C,G,A,C,G,T,G,C,G,C,A,A,G,G,T,G,A,G,T,C,C,C,C,A,G,C,C,C,T,G,G,T,C,C,C,G,C,G,G,C,G,C,T,EI
G,C,T,G,C,G,C,C,T,T,G,G,G,C,C,T,C,T,G,C,T,G,C,A,G,C,C,C,G,G,G,T,G,A,G,C,G,G,G,G,C,A,A,G,G,C,G,C,T,C,C,G,G,G,G,C,C,A,G,G,EI
C,C,A,C,C,C,G,T,C,C,G,A,C,A,A,C,T,T,C,C,G,G,A,C,T,C,C,C,A,G,G,T,A,G,G,G,A,G,G,A,G,C,C,C,C,T,G,T,T,A,G,C,A,C,T,G,C,C,A,G,EI
G,G,C,A,A,G,G,A,C,T,T,C,T,C,T,G,G,G,C,G,G,C,C,T,C,A,A,A,T,G,G,T,A,A,G,T,G,G,T,G,C,C,C,A,T,C,T,C,C,T,C,C,C,T,G,C,C,C,C,C,EI
A,G,G,A,T,G,G,C,G,A,T,C,A,G,A,A,G,C,T,G,G,A,G,A,A,G,A,T,C,A,G,T,G,A,G,T,G,C,C,A,G,G,C,T,G,G,C,C,C,C,T,G,G,G,G,C,T,G,G,G,EI
A,G,C,C,T,G,G,T,G,G,A,C,C,T,A,G,T,C,C,C,C,T,G,G,T,T,G,A,A,G,G,T,G,A,G,A,T,G,C,T,G,C,C,A,G,C,C,C,T,G,C,C,T,T,C,A,G,G,T,T,EI
C,T,G,C,T,G,A,A,T,A,A,A,A,T,A,C,T,T,G,A,A,A,A,T,T,A,C,A,A,G,G,T,A,G,G,T,G,A,T,A,G,A,G,C,A,G,A,A,G,A,G,A,A,T,A,T,G,A,G,T,EI
A,C,C,C,T,G,G,C,C,T,T,C,C,T,G,C,T,G,C,A,C,A,A,T,C,C,T,C,A,G,G,T,G,T,G,C,T,T,C,C,C,C,C,T,C,A,T,T,G,A,T,C,C,T,A,G,A,C,C,C,EI
C,A,T,C,C,C,C,C,A,C,A,A,G,G,C,C,A,A,C,G,T,T,G,A,C,T,C,C,A,G,G,T,G,T,G,C,C,T,G,C,C,C,T,C,C,C,A,G,T,G,A,C,A,T,C,T,A,G,C,C,EI
A,G,T,G,G,C,A,C,C,A,G,C,C,G,G,A,T,C,A,G,T,T,C,A,T,G,C,C,T,G,G,T,G,A,G,T,C,T,G,T,C,C,T,G,T,C,C,T,G,C,G,C,C,C,T,G,G,G,C,C,EI
C,A,A,C,C,T,G,G,C,C,A,T,G,G,G,C,G,T,G,A,A,C,C,T,C,A,C,C,A,G,G,T,G,A,G,C,C,T,C,G,C,G,C,C,C,C,G,G,G,A,A,G,C,C,G,C,C,C,C,G,EI
A,T,A,C,C,T,T,G,G,C,G,C,T,A,G,T,A,T,T,T,G,A,A,G,C,A,C,C,A,A,G,T,A,A,G,T,C,G,T,A,C,C,T,T,T,T,T,A,C,C,G,A,G,T,C,A,C,G,A,A,EI
G,A,T,T,T,A,G,A,T,G,T,T,G,A,A,C,A,A,C,T,T,G,G,A,A,T,T,C,C,A,G,T,G,A,G,T,A,T,C,A,G,T,T,T,C,T,C,A,T,T,G,T,A,G,A,G,A,G,T,G,EI
A,C,A,A,G,T,A,A,T,G,T,C,G,A,T,A,A,A,G,A,G,G,A,G,G,A,A,G,C,T,G,T,A,A,G,T,A,G,T,T,T,T,T,A,A,G,T,A,A,A,A,A,G,A,A,A,A,T,A,G,EI
C,A,C,T,C,A,G,T,A,T,G,T,C,T,G,C,A,G,A,T,G,T,A,C,C,C,C,T,T,G,G,T,A,A,G,A,T,A,A,T,A,A,A,T,T,T,G,A,A,C,C,T,T,G,T,T,T,T,G,A,EI
A,A,G,C,A,C,C,C,C,T,A,C,T,A,C,A,A,C,T,C,C,A,T,T,A,G,C,A,A,G,G,T,G,G,G,C,T,G,C,C,T,T,T,G,C,T,G,G,G,A,A,G,G,C,C,T,C,T,G,G,EI
G,C,C,T,G,C,G,G,G,G,C,A,T,T,G,T,C,A,A,G,C,A,C,C,T,G,G,A,A,G,G,T,A,G,G,C,C,A,C,C,T,T,C,A,G,G,A,G,C,C,T,G,G,G,C,A,G,G,G,T,EI
A,C,G,A,C,C,T,G,C,A,C,G,C,C,A,C,C,A,A,G,C,T,G,G,C,G,C,C,C,G,G,T,G,A,G,A,G,C,A,C,C,C,C,C,C,G,C,T,C,C,G,G,C,C,G,G,G,G,A,T,EI
T,C,A,G,G,C,A,T,C,C,G,C,G,T,C,T,C,C,G,A,C,A,A,C,T,T,G,C,C,G,G,T,G,A,G,T,G,G,G,C,G,C,C,C,C,G,C,G,G,T,G,G,G,G,A,G,G,G,C,G,EI
A,A,G,G,A,C,C,G,G,A,T,T,T,C,C,G,A,C,T,G,G,G,G,A,G,A,G,C,T,G,G,T,G,A,G,T,G,C,C,C,T,G,C,A,G,G,A,G,C,G,A,C,C,C,C,C,A,G,G,A,EI
T,C,A,A,G,G,A,C,A,C,C,G,T,C,T,A,C,A,C,G,G,A,C,T,T,C,G,A,T,G,G,T,G,A,G,C,C,A,G,G,C,C,C,G,G,G,A,G,G,G,A,G,C,T,G,C,C,C,A,G,EI
A,G,G,T,T,T,T,C,T,T,C,A,G,G,C,A,G,A,G,G,G,T,C,T,C,T,T,C,A,G,G,T,A,A,C,T,G,A,T,G,G,A,A,A,C,C,C,C,T,G,G,C,C,A,T,G,G,G,G,T,EI
G,G,C,T,A,C,A,G,C,T,C,T,C,C,C,T,G,G,G,C,A,T,C,A,T,C,C,C,A,G,G,T,A,A,T,G,A,G,G,C,T,C,C,C,C,C,A,G,C,T,G,C,C,C,C,T,A,C,A,G,EI
C,C,A,A,G,A,A,C,C,T,C,A,T,C,A,T,C,T,T,C,C,T,G,G,G,T,G,A,C,G,G,T,G,A,G,T,G,A,G,C,C,A,G,G,C,C,T,T,C,C,A,G,C,C,C,C,G,C,A,G,EI
G,A,C,C,G,C,T,T,C,C,C,G,T,A,C,G,T,G,G,C,T,C,T,G,T,C,C,A,A,G,G,T,A,A,G,T,G,C,T,G,G,G,C,T,A,C,C,T,T,A,G,A,G,T,C,C,T,C,C,A,EI
A,G,C,A,A,A,G,A,G,G,T,C,C,T,G,A,T,G,G,A,G,A,G,C,C,C,G,C,C,G,G,T,G,A,G,T,G,T,G,G,T,T,G,C,G,T,G,T,G,T,G,T,A,T,G,T,A,T,G,T,EI
C,T,C,C,A,C,A,T,G,A,G,C,C,A,G,A,A,A,C,A,C,A,C,G,G,A,G,A,T,G,G,T,G,A,G,A,G,G,T,G,T,G,G,G,A,T,G,C,A,C,A,G,C,A,G,T,G,G,G,C,EI
A,C,T,G,G,C,C,T,C,G,T,G,G,T,G,T,A,T,G,A,C,T,A,C,C,A,G,C,A,G,G,T,G,G,G,T,A,T,G,C,C,A,G,A,C,C,T,C,C,T,G,A,C,C,T,G,G,A,C,C,EI
G,C,T,C,T,C,A,C,T,A,G,A,A,A,A,G,T,C,C,A,C,A,A,C,T,T,C,C,A,G,G,T,G,T,G,T,G,T,G,T,G,T,G,G,G,T,G,A,A,A,A,G,A,G,T,G,G,G,C,T,EI
T,G,C,G,C,T,G,C,T,T,G,G,C,G,C,A,G,A,C,C,T,T,C,G,C,C,A,C,C,G,G,T,G,A,G,C,G,G,G,G,G,A,A,A,C,T,G,A,G,G,C,A,C,G,A,G,G,G,A,C,EI
C,C,A,A,C,A,T,G,C,C,T,G,C,C,T,C,A,T,T,G,A,G,G,G,C,A,A,G,G,G,G,T,A,A,G,G,A,C,T,G,G,G,G,G,G,T,G,A,G,G,G,T,T,G,G,G,A,G,G,A,EI
C,C,G,C,C,C,T,C,A,G,A,G,A,G,C,A,G,C,C,T,C,C,C,G,A,G,A,C,A,G,G,T,A,A,G,G,G,C,G,C,A,G,C,G,T,G,G,G,G,G,A,C,C,C,G,T,G,C,T,C,EI