x,x,x,x,o,o,x,o,o,positive
x,x,x,x,o,o,o,x,o,positive
x,x,x,x,o,o,o,o,x,positive
x,x,x,x,o,o,o,b,b,positive
x,x,x,x,o,o,b,o,b,positive
x,x,x,x,o,o,b,b,o,positive
x,x,x,x,o,b,o,o,b,positive
x,x,x,x,o,b,o,b,o,positive
x,x,x,x,o,b,b,o,o,positive
x,x,x,x,b,o,o,o,b,positive
x,x,x,x,b,o,o,b,o,positive
x,x,x,x,b,o,b,o,o,positive
x,x,x,o,x,o,x,o,o,positive
x,x,x,o,x,o,o,x,o,positive
x,x,x,o,x,o,o,o,x,positive
x,x,x,o,x,o,o,b,b,positive
x,x,x,o,x,o,b,o,b,positive
x,x,x,o,x,o,b,b,o,positive
x,x,x,o,x,b,o,o,b,positive
x,x,x,o,x,b,o,b,o,positive
x,x,x,o,x,b,b,o,o,positive
x,x,x,o,o,x,x,o,o,positive
x,x,x,o,o,x,o,x,o,positive
x,x,x,o,o,x,o,o,x,positive
x,x,x,o,o,x,o,b,b,positive
x,x,x,o,o,x,b,o,b,positive
x,x,x,o,o,x,b,b,o,positive
x,x,x,o,o,b,x,o,b,positive
x,x,x,o,o,b,x,b,o,positive
x,x,x,o,o,b,o,x,b,positive
x,x,x,o,o,b,o,b,x,positive
x,x,x,o,o,b,b,x,o,positive
x,x,x,o,o,b,b,o,x,positive
x,x,x,o,o,b,b,b,b,positive
x,x,x,o,b,x,o,o,b,positive
x,x,x,o,b,x,o,b,o,positive
x,x,x,o,b,x,b,o,o,positive
x,x,x,o,b,o,x,o,b,positive
x,x,x,o,b,o,x,b,o,positive
x,x,x,o,b,o,o,x,b,positive
x,x,x,o,b,o,o,b,x,positive
x,x,x,o,b,o,b,x,o,positive
x,x,x,o,b,o,b,o,x,positive
x,x,x,o,b,o,b,b,b,positive
x,x,x,o,b,b,x,o,o,positive
x,x,x,o,b,b,o,x,o,positive
x,x,x,o,b,b,o,o,x,positive
x,x,x,o,b,b,o,b,b,positive
x,x,x,o,b,b,b,o,b,positive
x,x,x,o,b,b,b,b,o,positive
x,x,x,b,x,o,o,o,b,positive
x,x,x,b,x,o,o,b,o,positive
x,x,x,b,x,o,b,o,o,positive
x,x,x,b,o,x,o,o,b,positive
x,x,x,b,o,x,o,b,o,positive
x,x,x,b,o,x,b,o,o,positive
x,x,x,b,o,o,x,o,b,positive
x,x,x,b,o,o,x,b,o,positive
x,x,x,b,o,o,o,x,b,positive
x,x,x,b,o,o,o,b,x,positive
x,x,x,b,o,o,b,x,o,positive
x,x,x,b,o,o,b,o,x,positive
x,x,x,b,o,o,b,b,b,positive
x,x,x,b,o,b,x,o,o,positive
x,x,x,b,o,b,o,x,o,positive
x,x,x,b,o,b,o,o,x,positive
x,x,x,b,o,b,o,b,b,positive
x,x,x,b,o,b,b,o,b,positive
x,x,x,b,o,b,b,b,o,positive
x,x,x,b,b,o,x,o,o,positive
x,x,x,b,b,o,o,x,o,positive
x,x,x,b,b,o,o,o,x,positive
x,x,x,b,b,o,o,b,b,positive
x,x,x,b,b,o,b,o,b,positive
x,x,x,b,b,o,b,b,o,positive
x,x,x,b,b,b,o,o,b,positive
x,x,x,b,b,b,o,b,o,positive
x,x,x,b,b,b,b,o,o,positive
x,x,o,x,x,o,o,o,x,positive
x,x,o,x,o,x,x,o,o,positive
x,x,o,x,o,o,x,o,x,positive
x,x,o,x,o,o,x,b,b,positive
x,x,o,x,o,b,x,o,b,positive
x,x,o,x,o,b,x,b,o,positive
x,x,o,x,b,o,x,o,b,positive
x,x,o,x,b,b,x,o,o,positive
x,x,o,o,x,x,o,x,o,positive
x,x,o,o,x,x,o,o,x,positive
x,x,o,o,x,o,x,o,x,positive
x,x,o,o,x,o,o,x,x,positive
x,x,o,o,x,o,b,x,b,positive
x,x,o,o,x,o,b,b,x,positive
x,x,o,o,x,b,o,x,b,positive
x,x,o,o,x,b,o,b,x,positive
x,x,o,o,x,b,b,x,o,positive
x,x,o,o,x,b,b,o,x,positive
x,x,o,b,x,o,o,x,b,positive
x,x,o,b,x,o,o,b,x,positive
x,x,o,b,x,o,b,o,x,positive
x,x,o,b,x,b,o,x,o,positive
x,x,o,b,x,b,o,o,x,positive
x,x,b,x,o,o,x,o,b,positive
x,x,b,x,o,o,x,b,o,positive
x,x,b,x,o,b,x,o,o,positive
x,x,b,x,b,o,x,o,o,positive
x,x,b,o,x,o,o,x,b,positive
x,x,b,o,x,o,o,b,x,positive
x,x,b,o,x,o,b,x,o,positive
x,x,b,o,x,o,b,o,x,positive
x,x,b,o,x,b,o,x,o,positive
x,x,b,o,x,b,o,o,x,positive
x,x,b,b,x,o,o,x,o,positive
x,x,b,b,x,o,o,o,x,positive
x,o,x,x,x,o,x,o,o,positive
x,o,x,x,x,o,o,o,x,positive
x,o,x,x,o,o,x,x,o,positive
x,o,x,x,o,o,x,b,b,positive
x,o,x,x,o,b,x,b,o,positive
x,o,x,x,b,o,x,o,b,positive
x,o,x,x,b,o,x,b,o,positive
x,o,x,x,b,b,x,o,o,positive
x,o,x,o,x,x,x,o,o,positive
x,o,x,o,x,x,o,o,x,positive
x,o,x,o,x,o,x,x,o,positive
x,o,x,o,x,o,x,o,x,positive
x,o,x,o,x,o,x,b,b,positive
x,o,x,o,x,o,o,x,x,positive
x,o,x,o,x,o,b,b,x,positive
x,o,x,o,x,b,x,o,b,positive
x,o,x,o,x,b,x,b,o,positive
x,o,x,o,x,b,o,b,x,positive
x,o,x,o,x,b,b,o,x,positive
x,o,x,o,o,x,o,x,x,positive
x,o,x,o,o,x,b,b,x,positive
x,o,x,o,b,x,o,b,x,positive
x,o,x,o,b,x,b,o,x,positive
x,o,x,b,x,o,x,o,b,positive
x,o,x,b,x,o,x,b,o,positive
x,o,x,b,x,o,o,b,x,positive
x,o,x,b,x,o,b,o,x,positive
x,o,x,b,x,b,x,o,o,positive
x,o,x,b,x,b,o,o,x,positive
x,o,x,b,o,x,o,b,x,positive
x,o,x,b,b,x,o,o,x,positive
x,o,o,x,x,x,x,o,o,positive
x,o,o,x,x,x,o,x,o,positive
x,o,o,x,x,x,o,o,x,positive
x,o,o,x,x,x,o,b,b,positive
x,o,o,x,x,x,b,o,b,positive
x,o,o,x,x,x,b,b,o,positive
x,o,o,x,x,o,x,o,x,positive
x,o,o,x,x,o,x,b,b,positive
x,o,o,x,x,o,o,x,x,positive
x,o,o,x,x,o,b,b,x,positive
x,o,o,x,x,b,x,o,b,positive
x,o,o,x,x,b,x,b,o,positive
x,o,o,x,x,b,o,b,x,positive
x,o,o,x,x,b,b,o,x,positive
x,o,o,x,o,x,x,x,o,positive
x,o,o,x,o,x,x,b,b,positive
x,o,o,x,o,o,x,x,x,positive
x,o,o,x,o,b,x,x,b,positive
x,o,o,x,o,b,x,b,x,positive
x,o,o,x,b,x,x,o,b,positive
x,o,o,x,b,x,x,b,o,positive
x,o,o,x,b,o,x,x,b,positive
x,o,o,x,b,o,x,b,x,positive
x,o,o,x,b,b,x,x,o,positive
x,o,o,x,b,b,x,o,x,positive
x,o,o,x,b,b,x,b,b,positive
x,o,o,o,x,x,x,o,x,positive
x,o,o,o,x,x,o,x,x,positive
x,o,o,o,x,x,b,b,x,positive
x,o,o,o,x,o,x,x,x,positive
x,o,o,o,x,b,x,b,x,positive
x,o,o,o,x,b,b,x,x,positive
x,o,o,o,o,x,x,x,x,positive
x,o,o,o,b,b,x,x,x,positive
x,o,o,b,x,x,o,b,x,positive
x,o,o,b,x,x,b,o,x,positive
x,o,o,b,x,o,x,b,x,positive
x,o,o,b,x,o,b,x,x,positive
x,o,o,b,x,b,x,o,x,positive
x,o,o,b,x,b,o,x,x,positive
x,o,o,b,x,b,b,b,x,positive
x,o,o,b,o,b,x,x,x,positive
x,o,o,b,b,o,x,x,x,positive
x,o,b,x,x,x,o,o,b,positive
x,o,b,x,x,x,o,b,o,positive
x,o,b,x,x,x,b,o,o,positive
x,o,b,x,x,o,x,o,b,positive
x,o,b,x,x,o,x,b,o,positive
x,o,b,x,x,o,o,b,x,positive
x,o,b,x,x,o,b,o,x,positive
x,o,b,x,x,b,x,o,o,positive
x,o,b,x,x,b,o,o,x,positive
x,o,b,x,o,x,x,b,o,positive
x,o,b,x,o,o,x,x,b,positive
x,o,b,x,o,o,x,b,x,positive
x,o,b,x,o,b,x,x,o,positive